Data,Ciclo,Ano,DOY,Irrigação (mm),Chuva (mm),P+I
10/14/2012,Cana-Planta,2012,288,0,0,0
10/15/2012,Cana-Planta,2012,289,0,0,0
10/16/2012,Cana-Planta,2012,290,0,9.25,9.25
10/17/2012,Cana-Planta,2012,291,0,9.75,9.75
10/18/2012,Cana-Planta,2012,292,0,0,0
10/19/2012,Cana-Planta,2012,293,0,0,0
10/20/2012,Cana-Planta,2012,294,0,0,0
10/21/2012,Cana-Planta,2012,295,0,2,2
10/22/2012,Cana-Planta,2012,296,0,0,0
10/23/2012,Cana-Planta,2012,297,0,49.875,49.875
10/24/2012,Cana-Planta,2012,298,0,0,0
10/25/2012,Cana-Planta,2012,299,0,0,0
10/26/2012,Cana-Planta,2012,300,0,0,0
10/27/2012,Cana-Planta,2012,301,0,0,0
10/28/2012,Cana-Planta,2012,302,0,7.75,7.75
10/29/2012,Cana-Planta,2012,303,0,0,0
10/30/2012,Cana-Planta,2012,304,0,0,0
10/31/2012,Cana-Planta,2012,305,0,0,0
11/1/2012,Cana-Planta,2012,306,0,0.125,0.125
11/2/2012,Cana-Planta,2012,307,0,0,0
11/3/2012,Cana-Planta,2012,308,0,0,0
11/4/2012,Cana-Planta,2012,309,0,0,0
11/5/2012,Cana-Planta,2012,310,0,0,0
11/6/2012,Cana-Planta,2012,311,0,0,0
11/7/2012,Cana-Planta,2012,312,0,16.75,16.75
11/8/2012,Cana-Planta,2012,313,0,0,0
11/9/2012,Cana-Planta,2012,314,0,31.375,31.375
11/10/2012,Cana-Planta,2012,315,0,0.625,0.625
11/11/2012,Cana-Planta,2012,316,0,0,0
11/12/2012,Cana-Planta,2012,317,0,0,0
11/13/2012,Cana-Planta,2012,318,0,1.375,1.375
11/14/2012,Cana-Planta,2012,319,0,0,0
11/15/2012,Cana-Planta,2012,320,0,0,0
11/16/2012,Cana-Planta,2012,321,0,0,0
11/17/2012,Cana-Planta,2012,322,0,0,0
11/18/2012,Cana-Planta,2012,323,0,0,0
11/19/2012,Cana-Planta,2012,324,0,24.5,24.5
11/20/2012,Cana-Planta,2012,325,0,4.25,4.25
11/21/2012,Cana-Planta,2012,326,0,0,0
11/22/2012,Cana-Planta,2012,327,0,0,0
11/23/2012,Cana-Planta,2012,328,0,0,0
11/24/2012,Cana-Planta,2012,329,0,41.625,41.625
11/25/2012,Cana-Planta,2012,330,0,0.875,0.875
11/26/2012,Cana-Planta,2012,331,0,0,0
11/27/2012,Cana-Planta,2012,332,0,0.75,0.75
11/28/2012,Cana-Planta,2012,333,0,0.125,0.125
11/29/2012,Cana-Planta,2012,334,0,0,0
11/30/2012,Cana-Planta,2012,335,0,0,0
12/1/2012,Cana-Planta,2012,336,0,0,0
12/2/2012,Cana-Planta,2012,337,0,39.5,39.5
12/3/2012,Cana-Planta,2012,338,0,1.25,1.25
12/4/2012,Cana-Planta,2012,339,0,0,0
12/5/2012,Cana-Planta,2012,340,0,0,0
12/6/2012,Cana-Planta,2012,341,0,6.125,6.125
12/7/2012,Cana-Planta,2012,342,0,0,0
12/8/2012,Cana-Planta,2012,343,0,0,0
12/9/2012,Cana-Planta,2012,344,0,0,0
12/10/2012,Cana-Planta,2012,345,0,0,0
12/11/2012,Cana-Planta,2012,346,0,7.75,7.75
12/12/2012,Cana-Planta,2012,347,0,0.75,0.75
12/13/2012,Cana-Planta,2012,348,0,11.75,11.75
12/14/2012,Cana-Planta,2012,349,0,18.125,18.125
12/15/2012,Cana-Planta,2012,350,0,31.75,31.75
12/16/2012,Cana-Planta,2012,351,0,2.625,2.625
12/17/2012,Cana-Planta,2012,352,0,32.625,32.625
12/18/2012,Cana-Planta,2012,353,0,0.125,0.125
12/19/2012,Cana-Planta,2012,354,0,0.375,0.375
12/20/2012,Cana-Planta,2012,355,0,2,2
12/21/2012,Cana-Planta,2012,356,0,32.75,32.75
12/22/2012,Cana-Planta,2012,357,0,0.125,0.125
12/23/2012,Cana-Planta,2012,358,0,3.625,3.625
12/24/2012,Cana-Planta,2012,359,0,0,0
12/25/2012,Cana-Planta,2012,360,0,0,0
12/26/2012,Cana-Planta,2012,361,0,0,0
12/27/2012,Cana-Planta,2012,362,0,12,12
12/28/2012,Cana-Planta,2012,363,0,1,1
12/29/2012,Cana-Planta,2012,364,0,10.25,10.25
12/30/2012,Cana-Planta,2012,365,0,8.5,8.5
12/31/2012,Cana-Planta,2012,366,0,16.25,16.25
1/1/2013,Cana-Planta,2013,1,0,10,10
1/2/2013,Cana-Planta,2013,2,0,0,0
1/3/2013,Cana-Planta,2013,3,0,0,0
1/4/2013,Cana-Planta,2013,4,0,1.75,1.75
1/5/2013,Cana-Planta,2013,5,0,0,0
1/6/2013,Cana-Planta,2013,6,0,1.25,1.25
1/7/2013,Cana-Planta,2013,7,0,0,0
1/8/2013,Cana-Planta,2013,8,0,26.625,26.625
1/9/2013,Cana-Planta,2013,9,0,0.125,0.125
1/10/2013,Cana-Planta,2013,10,0,1.875,1.875
1/11/2013,Cana-Planta,2013,11,0,0,0
1/12/2013,Cana-Planta,2013,12,0,36.5,36.5
1/13/2013,Cana-Planta,2013,13,0,63,63
1/14/2013,Cana-Planta,2013,14,0,8.625,8.625
1/15/2013,Cana-Planta,2013,15,0,12.625,12.625
1/16/2013,Cana-Planta,2013,16,0,13,13
1/17/2013,Cana-Planta,2013,17,0,1.25,1.25
1/18/2013,Cana-Planta,2013,18,0,6.5,6.5
1/19/2013,Cana-Planta,2013,19,0,1.375,1.375
1/20/2013,Cana-Planta,2013,20,0,0,0
1/21/2013,Cana-Planta,2013,21,0,0,0
1/22/2013,Cana-Planta,2013,22,0,0,0
1/23/2013,Cana-Planta,2013,23,0,22.25,22.25
1/24/2013,Cana-Planta,2013,24,0,0,0
1/25/2013,Cana-Planta,2013,25,0,26.25,26.25
1/26/2013,Cana-Planta,2013,26,0,35.125,35.125
1/27/2013,Cana-Planta,2013,27,0,0,0
1/28/2013,Cana-Planta,2013,28,0,0,0
1/29/2013,Cana-Planta,2013,29,0,0,0
1/30/2013,Cana-Planta,2013,30,0,1.5,1.5
1/31/2013,Cana-Planta,2013,31,0,11.25,11.25
2/1/2013,Cana-Planta,2013,32,0,3.625,3.625
2/2/2013,Cana-Planta,2013,33,0,9.5,9.5
2/3/2013,Cana-Planta,2013,34,0,8.625,8.625
2/4/2013,Cana-Planta,2013,35,0,7.875,7.875
2/5/2013,Cana-Planta,2013,36,0,0,0
2/6/2013,Cana-Planta,2013,37,0,0.875,0.875
2/7/2013,Cana-Planta,2013,38,0,0.875,0.875
2/8/2013,Cana-Planta,2013,39,0,18.125,18.125
2/9/2013,Cana-Planta,2013,40,0,9.5,9.5
2/10/2013,Cana-Planta,2013,41,0,3.5,3.5
2/11/2013,Cana-Planta,2013,42,0,43.5,43.5
2/12/2013,Cana-Planta,2013,43,0,1.5,1.5
2/13/2013,Cana-Planta,2013,44,0,0,0
2/14/2013,Cana-Planta,2013,45,0,0.25,0.25
2/15/2013,Cana-Planta,2013,46,0,3.875,3.875
2/16/2013,Cana-Planta,2013,47,0,3,3
2/17/2013,Cana-Planta,2013,48,0,0.375,0.375
2/18/2013,Cana-Planta,2013,49,0,0.125,0.125
2/19/2013,Cana-Planta,2013,50,0,0.75,0.75
2/20/2013,Cana-Planta,2013,51,0,4.375,4.375
2/21/2013,Cana-Planta,2013,52,0,2.5,2.5
2/22/2013,Cana-Planta,2013,53,0,0,0
2/23/2013,Cana-Planta,2013,54,0,7.625,7.625
2/24/2013,Cana-Planta,2013,55,0,0.125,0.125
2/25/2013,Cana-Planta,2013,56,0,0,0
2/26/2013,Cana-Planta,2013,57,0,7.875,7.875
2/27/2013,Cana-Planta,2013,58,0,0,0
2/28/2013,Cana-Planta,2013,59,0,0,0
3/1/2013,Cana-Planta,2013,60,0,0,0
3/2/2013,Cana-Planta,2013,61,0,0,0
3/3/2013,Cana-Planta,2013,62,0,0,0
3/4/2013,Cana-Planta,2013,63,0,0,0
3/5/2013,Cana-Planta,2013,64,0,0.25,0.25
3/6/2013,Cana-Planta,2013,65,0,0.625,0.625
3/7/2013,Cana-Planta,2013,66,0,0.125,0.125
3/8/2013,Cana-Planta,2013,67,0,0,0
3/9/2013,Cana-Planta,2013,68,0,43,43
3/10/2013,Cana-Planta,2013,69,0,48.25,48.25
3/11/2013,Cana-Planta,2013,70,0,18.25,18.25
3/12/2013,Cana-Planta,2013,71,0,18.75,18.75
3/13/2013,Cana-Planta,2013,72,0,13.25,13.25
3/14/2013,Cana-Planta,2013,73,0,0.25,0.25
3/15/2013,Cana-Planta,2013,74,0,0,0
3/16/2013,Cana-Planta,2013,75,0,0,0
3/17/2013,Cana-Planta,2013,76,0,1.875,1.875
3/18/2013,Cana-Planta,2013,77,0,0.375,0.375
3/19/2013,Cana-Planta,2013,78,0,0,0
3/20/2013,Cana-Planta,2013,79,0,2.125,2.125
3/21/2013,Cana-Planta,2013,80,0,14.75,14.75
3/22/2013,Cana-Planta,2013,81,0,0,0
3/23/2013,Cana-Planta,2013,82,0,0,0
3/24/2013,Cana-Planta,2013,83,0,0,0
3/25/2013,Cana-Planta,2013,84,0,0,0
3/26/2013,Cana-Planta,2013,85,0,7.75,7.75
3/27/2013,Cana-Planta,2013,86,0,0.125,0.125
3/28/2013,Cana-Planta,2013,87,0,0,0
3/29/2013,Cana-Planta,2013,88,0,0,0
3/30/2013,Cana-Planta,2013,89,0,0,0
3/31/2013,Cana-Planta,2013,90,0,0,0
4/1/2013,Cana-Planta,2013,91,0,0,0
4/2/2013,Cana-Planta,2013,92,0,90.625,90.625
4/3/2013,Cana-Planta,2013,93,0,0.375,0.375
4/4/2013,Cana-Planta,2013,94,0,5.5,5.5
4/5/2013,Cana-Planta,2013,95,0,61.125,61.125
4/6/2013,Cana-Planta,2013,96,0,0,0
4/7/2013,Cana-Planta,2013,97,0,0,0
4/8/2013,Cana-Planta,2013,98,0,0,0
4/9/2013,Cana-Planta,2013,99,0,0,0
4/10/2013,Cana-Planta,2013,100,0,0,0
4/11/2013,Cana-Planta,2013,101,0,0.25,0.25
4/12/2013,Cana-Planta,2013,102,0,2.125,2.125
4/13/2013,Cana-Planta,2013,103,0,41.5,41.5
4/14/2013,Cana-Planta,2013,104,0,0,0
4/15/2013,Cana-Planta,2013,105,0,0.125,0.125
4/16/2013,Cana-Planta,2013,106,0,0.125,0.125
4/17/2013,Cana-Planta,2013,107,0,0,0
4/18/2013,Cana-Planta,2013,108,0,0,0
4/19/2013,Cana-Planta,2013,109,0,0,0
4/20/2013,Cana-Planta,2013,110,0,0,0
4/21/2013,Cana-Planta,2013,111,0,0,0
4/22/2013,Cana-Planta,2013,112,0,0,0
4/23/2013,Cana-Planta,2013,113,0,0,0
4/24/2013,Cana-Planta,2013,114,0,0,0
4/25/2013,Cana-Planta,2013,115,0,0,0
4/26/2013,Cana-Planta,2013,116,0,0,0
4/27/2013,Cana-Planta,2013,117,0,0,0
4/28/2013,Cana-Planta,2013,118,0,0,0
4/29/2013,Cana-Planta,2013,119,0,0,0
4/30/2013,Cana-Planta,2013,120,0,0,0
5/1/2013,Cana-Planta,2013,121,0,0,0
5/2/2013,Cana-Planta,2013,122,0,0,0
5/3/2013,Cana-Planta,2013,123,0,0,0
5/4/2013,Cana-Planta,2013,124,0,0,0
5/5/2013,Cana-Planta,2013,125,0,0,0
5/6/2013,Cana-Planta,2013,126,0,0,0
5/7/2013,Cana-Planta,2013,127,0,0,0
5/8/2013,Cana-Planta,2013,128,0,0,0
5/9/2013,Cana-Planta,2013,129,0,0,0
5/10/2013,Cana-Planta,2013,130,0,0,0
5/11/2013,Cana-Planta,2013,131,0,0,0
5/12/2013,Cana-Planta,2013,132,0,0,0
5/13/2013,Cana-Planta,2013,133,0,0,0
5/14/2013,Cana-Planta,2013,134,0,0,0
5/15/2013,Cana-Planta,2013,135,0,0,0
5/16/2013,Cana-Planta,2013,136,0,0,0
5/17/2013,Cana-Planta,2013,137,0,0,0
5/18/2013,Cana-Planta,2013,138,0,0,0
5/19/2013,Cana-Planta,2013,139,0,0,0
5/20/2013,Cana-Planta,2013,140,0,0,0
5/21/2013,Cana-Planta,2013,141,0,0,0
5/22/2013,Cana-Planta,2013,142,0,5.375,5.375
5/23/2013,Cana-Planta,2013,143,0,0.5,0.5
5/24/2013,Cana-Planta,2013,144,0,0.5,0.5
5/25/2013,Cana-Planta,2013,145,0,0,0
5/26/2013,Cana-Planta,2013,146,0,0,0
5/27/2013,Cana-Planta,2013,147,0,0.125,0.125
5/28/2013,Cana-Planta,2013,148,0,0.125,0.125
5/29/2013,Cana-Planta,2013,149,0,1.875,1.875
5/30/2013,Cana-Planta,2013,150,0,12.875,12.875
5/31/2013,Cana-Planta,2013,151,0,0,0
6/1/2013,Cana-Planta,2013,152,0,0.125,0.125
6/2/2013,Cana-Planta,2013,153,0,31.875,31.875
6/3/2013,Cana-Planta,2013,154,0,0.125,0.125
6/4/2013,Cana-Planta,2013,155,0,0.125,0.125
6/5/2013,Cana-Planta,2013,156,0,0.25,0.25
6/6/2013,Cana-Planta,2013,157,0,0,0
6/7/2013,Cana-Planta,2013,158,0,0,0
6/8/2013,Cana-Planta,2013,159,0,0.125,0.125
6/9/2013,Cana-Planta,2013,160,0,0.125,0.125
6/10/2013,Cana-Planta,2013,161,0,0,0
6/11/2013,Cana-Planta,2013,162,0,6.75,6.75
6/12/2013,Cana-Planta,2013,163,0,2.625,2.625
6/13/2013,Cana-Planta,2013,164,0,0.125,0.125
6/14/2013,Cana-Planta,2013,165,0,0.5,0.5
6/15/2013,Cana-Planta,2013,166,0,0.375,0.375
6/16/2013,Cana-Planta,2013,167,0,30.375,30.375
6/17/2013,Cana-Planta,2013,168,0,2.375,2.375
6/18/2013,Cana-Planta,2013,169,0,0.25,0.25
6/19/2013,Cana-Planta,2013,170,0,0,0
6/20/2013,Cana-Planta,2013,171,0,0,0
6/21/2013,Cana-Planta,2013,172,0,0,0
6/22/2013,Cana-Planta,2013,173,0,4.25,4.25
6/23/2013,Cana-Planta,2013,174,0,14.75,14.75
6/24/2013,Cana-Planta,2013,175,0,0,0
6/25/2013,Cana-Planta,2013,176,0,15.125,15.125
6/26/2013,Cana-Planta,2013,177,0,27.125,27.125
6/27/2013,Cana-Planta,2013,178,0,0.125,0.125
6/28/2013,Cana-Planta,2013,179,0,0.125,0.125
6/29/2013,Cana-Planta,2013,180,0,1.875,1.875
6/30/2013,Cana-Planta,2013,181,0,12.875,12.875
7/1/2013,Cana-Planta,2013,182,0,14.75,14.75
7/2/2013,Cana-Planta,2013,183,0,0,0
7/3/2013,Cana-Planta,2013,184,0,0.125,0.125
7/4/2013,Cana-Planta,2013,185,0,0,0
7/5/2013,Cana-Planta,2013,186,0,0,0
7/6/2013,Cana-Planta,2013,187,0,0,0
7/7/2013,Cana-Planta,2013,188,0,0,0
7/8/2013,Cana-Planta,2013,189,0,0,0
7/9/2013,Cana-Planta,2013,190,0,0,0
7/10/2013,Cana-Planta,2013,191,0,0,0
7/11/2013,Cana-Planta,2013,192,0,0.125,0.125
7/12/2013,Cana-Planta,2013,193,0,0,0
7/13/2013,Cana-Planta,2013,194,0,0,0
7/14/2013,Cana-Planta,2013,195,0,4,4
7/15/2013,Cana-Planta,2013,196,0,0.375,0.375
7/16/2013,Cana-Planta,2013,197,0,0,0
7/17/2013,Cana-Planta,2013,198,0,0.25,0.25
7/18/2013,Cana-Planta,2013,199,0,0,0
7/19/2013,Cana-Planta,2013,200,0,2.625,2.625
7/20/2013,Cana-Planta,2013,201,0,0.125,0.125
7/21/2013,Cana-Planta,2013,202,0,15.375,15.375
7/22/2013,Cana-Planta,2013,203,0,0.25,0.25
7/23/2013,Cana-Planta,2013,204,0,2.25,2.25
7/24/2013,Cana-Planta,2013,205,0,2.875,2.875
7/25/2013,Cana-Planta,2013,206,0,9,9
7/26/2013,Cana-Planta,2013,207,0,0,0
7/27/2013,Cana-Planta,2013,208,0,0.125,0.125
7/28/2013,Cana-Planta,2013,209,0,0.125,0.125
7/29/2013,Cana-Planta,2013,210,0,0.125,0.125
7/30/2013,Cana-Planta,2013,211,0,0,0
7/31/2013,Cana-Planta,2013,212,0,0,0
8/1/2013,Cana-Planta,2013,213,0,0,0
8/2/2013,Cana-Planta,2013,214,0,0,0
8/3/2013,Cana-Planta,2013,215,0,0,0
8/4/2013,Cana-Planta,2013,216,0,0,0
8/5/2013,Cana-Planta,2013,217,0,0,0
8/6/2013,Cana-Planta,2013,218,0,0,0
8/7/2013,Cana-Planta,2013,219,0,0,0
8/8/2013,Cana-Planta,2013,220,0,0,0
8/9/2013,Cana-Planta,2013,221,0,0,0
8/10/2013,Cana-Planta,2013,222,0,0,0
8/11/2013,Cana-Planta,2013,223,0,0,0
8/12/2013,Cana-Planta,2013,224,0,0,0
8/13/2013,Cana-Planta,2013,225,0,0,0
8/14/2013,Cana-Planta,2013,226,0,0.5,0.5
8/15/2013,Cana-Planta,2013,227,0,0,0
8/16/2013,Cana-Planta,2013,228,0,0,0
8/17/2013,Cana-Planta,2013,229,0,0,0
8/18/2013,Cana-Planta,2013,230,0,0,0
8/19/2013,Cana-Planta,2013,231,0,0,0
8/20/2013,Cana-Planta,2013,232,0,0,0
8/21/2013,Cana-Planta,2013,233,0,0,0
8/22/2013,Cana-Planta,2013,234,0,0,0
8/23/2013,Cana-Planta,2013,235,0,0,0
8/24/2013,Cana-Planta,2013,236,0,0,0
8/25/2013,Cana-Planta,2013,237,0,0,0
8/26/2013,Cana-Planta,2013,238,0,0,0
8/27/2013,Cana-Planta,2013,239,0,2.75,2.75
8/28/2013,Cana-Planta,2013,240,0,0,0
8/29/2013,Cana-Planta,2013,241,0,0,0
8/30/2013,Cana-Planta,2013,242,0,0,0
8/31/2013,Cana-Planta,2013,243,0,0,0
9/1/2013,Cana-Planta,2013,244,0,0,0
9/2/2013,Cana-Planta,2013,245,0,0,0
9/3/2013,Cana-Planta,2013,246,0,3.75,3.75
9/4/2013,Cana-Planta,2013,247,0,0,0
9/5/2013,Cana-Planta,2013,248,0,0,0
9/6/2013,Cana-Planta,2013,249,0,0,0
9/7/2013,Cana-Planta,2013,250,0,0,0
9/8/2013,Cana-Planta,2013,251,0,0,0
9/9/2013,Cana-Planta,2013,252,0,0,0
9/10/2013,Cana-Planta,2013,253,0,0,0
9/11/2013,Cana-Planta,2013,254,0,0,0
9/12/2013,Cana-Planta,2013,255,0,0,0
9/13/2013,Cana-Planta,2013,256,0,0,0
9/14/2013,Cana-Planta,2013,257,0,0,0
9/15/2013,Cana-Planta,2013,258,0,0,0
9/16/2013,Cana-Planta,2013,259,0,2.625,2.625
9/17/2013,Cana-Planta,2013,260,0,18.375,18.375
9/18/2013,Cana-Planta,2013,261,0,1.25,1.25
9/19/2013,Cana-Planta,2013,262,0,1.375,1.375
9/20/2013,Cana-Planta,2013,263,0,0.875,0.875
9/21/2013,Cana-Planta,2013,264,0,0,0
9/22/2013,Cana-Planta,2013,265,0,0,0
9/23/2013,Cana-Planta,2013,266,0,0,0
9/24/2013,Cana-Planta,2013,267,0,0,0
9/25/2013,Cana-Planta,2013,268,0,0,0
9/26/2013,Cana-Planta,2013,269,0,0,0
9/27/2013,Cana-Planta,2013,270,0,0,0
9/28/2013,Cana-Planta,2013,271,0,0.375,0.375
9/29/2013,Cana-Planta,2013,272,0,4.75,4.75
9/30/2013,Cana-Planta,2013,273,0,4.25,4.25
10/1/2013,Cana-Planta,2013,274,0,4.375,4.375
10/2/2013,Cana-Planta,2013,275,0,32.125,32.125
10/3/2013,Cana-Planta,2013,276,0,0.625,0.625
10/4/2013,Cana-Planta,2013,277,0,26.75,26.75
10/5/2013,Cana-Planta,2013,278,0,0,0
10/6/2013,Cana-Planta,2013,279,0,0,0
10/7/2013,Cana-Planta,2013,280,0,0,0
10/8/2013,Cana-Planta,2013,281,0,0,0
10/9/2013,Cana-Planta,2013,282,0,0,0
10/10/2013,Cana-Planta,2013,283,0,0,0
10/11/2013,Cana-Planta,2013,284,0,0,0
10/12/2013,Cana-Planta,2013,285,0,0,0
10/13/2013,Cana-Planta,2013,286,0,0,0
10/14/2013,Cana-Planta,2013,287,0,0,0
10/15/2013,Cana-Planta,2013,288,0,10.25,10.25
10/16/2013,Cana-Planta,2013,289,0,6.625,6.625
10/17/2013,Cana-Planta,2013,290,0,0.125,0.125
10/18/2013,Cana-Soca 1,2013,291,0,11.375,11.375
10/19/2013,Cana-Soca 1,2013,292,0,0.125,0.125
10/20/2013,Cana-Soca 1,2013,293,0,0,0
10/21/2013,Cana-Soca 1,2013,294,0,0,0
10/22/2013,Cana-Soca 1,2013,295,0,23.5,23.5
10/23/2013,Cana-Soca 1,2013,296,0,0,0
10/24/2013,Cana-Soca 1,2013,297,0,58.375,58.375
10/25/2013,Cana-Soca 1,2013,298,0,5.125,5.125
10/26/2013,Cana-Soca 1,2013,299,0,0,0
10/27/2013,Cana-Soca 1,2013,300,0,6.375,6.375
10/28/2013,Cana-Soca 1,2013,301,0,0.125,0.125
10/29/2013,Cana-Soca 1,2013,302,0,0,0
10/30/2013,Cana-Soca 1,2013,303,0,0,0
10/31/2013,Cana-Soca 1,2013,304,0,0,0
11/1/2013,Cana-Soca 1,2013,305,0,0,0
11/2/2013,Cana-Soca 1,2013,306,0,0,0
11/3/2013,Cana-Soca 1,2013,307,0,0,0
11/4/2013,Cana-Soca 1,2013,308,0,56.625,56.625
11/5/2013,Cana-Soca 1,2013,309,0,0.125,0.125
11/6/2013,Cana-Soca 1,2013,310,0,8.375,8.375
11/7/2013,Cana-Soca 1,2013,311,0,1.625,1.625
11/8/2013,Cana-Soca 1,2013,312,0,0,0
11/9/2013,Cana-Soca 1,2013,313,0,0,0
11/10/2013,Cana-Soca 1,2013,314,0,0,0
11/11/2013,Cana-Soca 1,2013,315,0,0.625,0.625
11/12/2013,Cana-Soca 1,2013,316,0,0.125,0.125
11/13/2013,Cana-Soca 1,2013,317,0,0,0
11/14/2013,Cana-Soca 1,2013,318,0,0,0
11/15/2013,Cana-Soca 1,2013,319,0,0,0
11/16/2013,Cana-Soca 1,2013,320,0,0,0
11/17/2013,Cana-Soca 1,2013,321,0,0,0
11/18/2013,Cana-Soca 1,2013,322,0,0,0
11/19/2013,Cana-Soca 1,2013,323,0,0,0
11/20/2013,Cana-Soca 1,2013,324,0,2.5,2.5
11/21/2013,Cana-Soca 1,2013,325,0,4.5,4.5
11/22/2013,Cana-Soca 1,2013,326,0,11.75,11.75
11/23/2013,Cana-Soca 1,2013,327,0,3.25,3.25
11/24/2013,Cana-Soca 1,2013,328,0,2.5,2.5
11/25/2013,Cana-Soca 1,2013,329,16,1.5,17.5
11/26/2013,Cana-Soca 1,2013,330,0,0,0
11/27/2013,Cana-Soca 1,2013,331,0,0,0
11/28/2013,Cana-Soca 1,2013,332,0,0,0
11/29/2013,Cana-Soca 1,2013,333,0,35.75,35.75
11/30/2013,Cana-Soca 1,2013,334,0,2.75,2.75
12/1/2013,Cana-Soca 1,2013,335,8,0,8
12/2/2013,Cana-Soca 1,2013,336,0,0,0
12/3/2013,Cana-Soca 1,2013,337,0,0,0
12/4/2013,Cana-Soca 1,2013,338,8,0,8
12/5/2013,Cana-Soca 1,2013,339,0,50.125,50.125
12/6/2013,Cana-Soca 1,2013,340,0,0,0
12/7/2013,Cana-Soca 1,2013,341,0,0.25,0.25
12/8/2013,Cana-Soca 1,2013,342,0,1,1
12/9/2013,Cana-Soca 1,2013,343,0,0.125,0.125
12/10/2013,Cana-Soca 1,2013,344,0,16.125,16.125
12/11/2013,Cana-Soca 1,2013,345,0,0.125,0.125
12/12/2013,Cana-Soca 1,2013,346,0,0,0
12/13/2013,Cana-Soca 1,2013,347,16,0,16
12/14/2013,Cana-Soca 1,2013,348,0,0,0
12/15/2013,Cana-Soca 1,2013,349,0,0,0
12/16/2013,Cana-Soca 1,2013,350,0,0,0
12/17/2013,Cana-Soca 1,2013,351,11.8,0,11.8
12/18/2013,Cana-Soca 1,2013,352,0,0,0
12/19/2013,Cana-Soca 1,2013,353,0,0,0
12/20/2013,Cana-Soca 1,2013,354,0,0,0
12/21/2013,Cana-Soca 1,2013,355,0,0.25,0.25
12/22/2013,Cana-Soca 1,2013,356,0,0,0
12/23/2013,Cana-Soca 1,2013,357,0,2.375,2.375
12/24/2013,Cana-Soca 1,2013,358,0,0.25,0.25
12/25/2013,Cana-Soca 1,2013,359,0,0.125,0.125
12/26/2013,Cana-Soca 1,2013,360,0,25.25,25.25
12/27/2013,Cana-Soca 1,2013,361,0,0,0
12/28/2013,Cana-Soca 1,2013,362,0,6.125,6.125
12/29/2013,Cana-Soca 1,2013,363,0,5.625,5.625
12/30/2013,Cana-Soca 1,2013,364,0,25.375,25.375
12/31/2013,Cana-Soca 1,2013,365,0,0.125,0.125
1/1/2014,Cana-Soca 1,2014,1,0,13.25,13.25
1/2/2014,Cana-Soca 1,2014,2,0,1.875,1.875
1/3/2014,Cana-Soca 1,2014,3,0,1.375,1.375
1/4/2014,Cana-Soca 1,2014,4,0,15,15
1/5/2014,Cana-Soca 1,2014,5,0,2.5,2.5
1/6/2014,Cana-Soca 1,2014,6,0,0,0
1/7/2014,Cana-Soca 1,2014,7,0,0,0
1/8/2014,Cana-Soca 1,2014,8,0,0,0
1/9/2014,Cana-Soca 1,2014,9,0,0,0
1/10/2014,Cana-Soca 1,2014,10,0,0,0
1/11/2014,Cana-Soca 1,2014,11,0,0,0
1/12/2014,Cana-Soca 1,2014,12,0,3.625,3.625
1/13/2014,Cana-Soca 1,2014,13,0,32.125,32.125
1/14/2014,Cana-Soca 1,2014,14,0,2.375,2.375
1/15/2014,Cana-Soca 1,2014,15,0,1.5,1.5
1/16/2014,Cana-Soca 1,2014,16,0,0.125,0.125
1/17/2014,Cana-Soca 1,2014,17,0,18.5,18.5
1/18/2014,Cana-Soca 1,2014,18,0,0,0
1/19/2014,Cana-Soca 1,2014,19,0,0,0
1/20/2014,Cana-Soca 1,2014,20,14.4,0,14.4
1/21/2014,Cana-Soca 1,2014,21,0,0,0
1/22/2014,Cana-Soca 1,2014,22,0,0,0
1/23/2014,Cana-Soca 1,2014,23,0,0,0
1/24/2014,Cana-Soca 1,2014,24,6.4,0,6.4
1/25/2014,Cana-Soca 1,2014,25,0,0,0
1/26/2014,Cana-Soca 1,2014,26,0,1.625,1.625
1/27/2014,Cana-Soca 1,2014,27,0,2.875,2.875
1/28/2014,Cana-Soca 1,2014,28,0,0,0
1/29/2014,Cana-Soca 1,2014,29,0,0,0
1/30/2014,Cana-Soca 1,2014,30,0,0,0
1/31/2014,Cana-Soca 1,2014,31,3.5,0,3.5
2/1/2014,Cana-Soca 1,2014,32,0,0,0
2/2/2014,Cana-Soca 1,2014,33,0,0,0
2/3/2014,Cana-Soca 1,2014,34,0,0,0
2/4/2014,Cana-Soca 1,2014,35,0,0,0
2/5/2014,Cana-Soca 1,2014,36,0,0.875,0.875
2/6/2014,Cana-Soca 1,2014,37,0,0,0
2/7/2014,Cana-Soca 1,2014,38,0,11.375,11.375
2/8/2014,Cana-Soca 1,2014,39,0,0.625,0.625
2/9/2014,Cana-Soca 1,2014,40,0,0,0
2/10/2014,Cana-Soca 1,2014,41,0,0,0
2/11/2014,Cana-Soca 1,2014,42,3.5,1.125,4.625
2/12/2014,Cana-Soca 1,2014,43,0,0,0
2/13/2014,Cana-Soca 1,2014,44,0,0,0
2/14/2014,Cana-Soca 1,2014,45,0,20.5,20.5
2/15/2014,Cana-Soca 1,2014,46,0,1.5,1.5
2/16/2014,Cana-Soca 1,2014,47,0,4.375,4.375
2/17/2014,Cana-Soca 1,2014,48,0,0.375,0.375
2/18/2014,Cana-Soca 1,2014,49,0,0,0
2/19/2014,Cana-Soca 1,2014,50,0,0,0
2/20/2014,Cana-Soca 1,2014,51,14.4,0,14.4
2/21/2014,Cana-Soca 1,2014,52,0,0,0
2/22/2014,Cana-Soca 1,2014,53,0,0.25,0.25
2/23/2014,Cana-Soca 1,2014,54,0,4,4
2/24/2014,Cana-Soca 1,2014,55,0,1.25,1.25
2/25/2014,Cana-Soca 1,2014,56,0,1.75,1.75
2/26/2014,Cana-Soca 1,2014,57,0,0,0
2/27/2014,Cana-Soca 1,2014,58,0,0.5,0.5
2/28/2014,Cana-Soca 1,2014,59,0,15.375,15.375
3/1/2014,Cana-Soca 1,2014,60,0,13.625,13.625
3/2/2014,Cana-Soca 1,2014,61,24,0,24
3/3/2014,Cana-Soca 1,2014,62,0,0,0
3/4/2014,Cana-Soca 1,2014,63,0,13,13
3/5/2014,Cana-Soca 1,2014,64,0,20,20
3/6/2014,Cana-Soca 1,2014,65,0,0.25,0.25
3/7/2014,Cana-Soca 1,2014,66,35.2,17.125,52.325
3/8/2014,Cana-Soca 1,2014,67,0,8.5,8.5
3/9/2014,Cana-Soca 1,2014,68,24,0.125,24.125
3/10/2014,Cana-Soca 1,2014,69,0,0,0
3/11/2014,Cana-Soca 1,2014,70,0,0.75,0.75
3/12/2014,Cana-Soca 1,2014,71,0,46.625,46.625
3/13/2014,Cana-Soca 1,2014,72,0,0,0
3/14/2014,Cana-Soca 1,2014,73,0,0,0
3/15/2014,Cana-Soca 1,2014,74,24.4,0,24.4
3/16/2014,Cana-Soca 1,2014,75,0,0,0
3/17/2014,Cana-Soca 1,2014,76,0,0,0
3/18/2014,Cana-Soca 1,2014,77,0,0,0
3/19/2014,Cana-Soca 1,2014,78,0,0,0
3/20/2014,Cana-Soca 1,2014,79,0,6.25,6.25
3/21/2014,Cana-Soca 1,2014,80,0,12.5,12.5
3/22/2014,Cana-Soca 1,2014,81,0,0,0
3/23/2014,Cana-Soca 1,2014,82,0,0,0
3/24/2014,Cana-Soca 1,2014,83,0,0,0
3/25/2014,Cana-Soca 1,2014,84,0,0,0
3/26/2014,Cana-Soca 1,2014,85,0,0,0
3/27/2014,Cana-Soca 1,2014,86,16,0,16
3/28/2014,Cana-Soca 1,2014,87,0,0,0
3/29/2014,Cana-Soca 1,2014,88,0,0,0
3/30/2014,Cana-Soca 1,2014,89,0,0,0
3/31/2014,Cana-Soca 1,2014,90,17.6,4.375,21.975
4/1/2014,Cana-Soca 1,2014,91,0,2.5,2.5
4/2/2014,Cana-Soca 1,2014,92,24,0.125,24.125
4/3/2014,Cana-Soca 1,2014,93,0,0,0
4/4/2014,Cana-Soca 1,2014,94,0,0,0
4/5/2014,Cana-Soca 1,2014,95,0,0,0
4/6/2014,Cana-Soca 1,2014,96,0,0,0
4/7/2014,Cana-Soca 1,2014,97,35.2,0,35.2
4/8/2014,Cana-Soca 1,2014,98,0,0,0
4/9/2014,Cana-Soca 1,2014,99,24,0,24
4/10/2014,Cana-Soca 1,2014,100,0,0,0
4/11/2014,Cana-Soca 1,2014,101,0,0,0
4/12/2014,Cana-Soca 1,2014,102,21.6,2.5,24.1
4/13/2014,Cana-Soca 1,2014,103,0,0.375,0.375
4/14/2014,Cana-Soca 1,2014,104,0,1.5,1.5
4/15/2014,Cana-Soca 1,2014,105,0,38.125,38.125
4/16/2014,Cana-Soca 1,2014,106,0,0,0
4/17/2014,Cana-Soca 1,2014,107,0,0,0
4/18/2014,Cana-Soca 1,2014,108,0,0,0
4/19/2014,Cana-Soca 1,2014,109,0,0,0
4/20/2014,Cana-Soca 1,2014,110,0,0,0
4/21/2014,Cana-Soca 1,2014,111,0,0,0
4/22/2014,Cana-Soca 1,2014,112,0,14.125,14.125
4/23/2014,Cana-Soca 1,2014,113,0,3.625,3.625
4/24/2014,Cana-Soca 1,2014,114,0,1.25,1.25
4/25/2014,Cana-Soca 1,2014,115,0,0,0
4/26/2014,Cana-Soca 1,2014,116,0,0,0
4/27/2014,Cana-Soca 1,2014,117,16,0,16
4/28/2014,Cana-Soca 1,2014,118,0,0,0
4/29/2014,Cana-Soca 1,2014,119,0,0,0
4/30/2014,Cana-Soca 1,2014,120,0,0,0
5/1/2014,Cana-Soca 1,2014,121,0,0,0
5/2/2014,Cana-Soca 1,2014,122,0,0,0
5/3/2014,Cana-Soca 1,2014,123,0,0,0
5/4/2014,Cana-Soca 1,2014,124,0,0,0
5/5/2014,Cana-Soca 1,2014,125,0,0,0
5/6/2014,Cana-Soca 1,2014,126,0,0,0
5/7/2014,Cana-Soca 1,2014,127,19,0,19
5/8/2014,Cana-Soca 1,2014,128,0,0,0
5/9/2014,Cana-Soca 1,2014,129,0,0,0
5/10/2014,Cana-Soca 1,2014,130,0,0,0
5/11/2014,Cana-Soca 1,2014,131,0,0,0
5/12/2014,Cana-Soca 1,2014,132,0,0,0
5/13/2014,Cana-Soca 1,2014,133,0,0,0
5/14/2014,Cana-Soca 1,2014,134,0,0,0
5/15/2014,Cana-Soca 1,2014,135,0,0,0
5/16/2014,Cana-Soca 1,2014,136,0,0,0
5/17/2014,Cana-Soca 1,2014,137,0,0,0
5/18/2014,Cana-Soca 1,2014,138,0,0,0
5/19/2014,Cana-Soca 1,2014,139,0,0,0
5/20/2014,Cana-Soca 1,2014,140,0,0,0
5/21/2014,Cana-Soca 1,2014,141,30,0,30
5/22/2014,Cana-Soca 1,2014,142,0,17.25,17.25
5/23/2014,Cana-Soca 1,2014,143,0,24,24
5/24/2014,Cana-Soca 1,2014,144,0,1,1
5/25/2014,Cana-Soca 1,2014,145,0,0.625,0.625
5/26/2014,Cana-Soca 1,2014,146,0,0.125,0.125
5/27/2014,Cana-Soca 1,2014,147,0,0,0
5/28/2014,Cana-Soca 1,2014,148,0,0,0
5/29/2014,Cana-Soca 1,2014,149,0,0,0
5/30/2014,Cana-Soca 1,2014,150,0,0,0
5/31/2014,Cana-Soca 1,2014,151,0,0,0
6/1/2014,Cana-Soca 1,2014,152,0,1.75,1.75
6/2/2014,Cana-Soca 1,2014,153,0,0.125,0.125
6/3/2014,Cana-Soca 1,2014,154,0,0,0
6/4/2014,Cana-Soca 1,2014,155,0,0,0
6/5/2014,Cana-Soca 1,2014,156,0,0,0
6/6/2014,Cana-Soca 1,2014,157,0,0,0
6/7/2014,Cana-Soca 1,2014,158,0,0,0
6/8/2014,Cana-Soca 1,2014,159,0,0,0
6/9/2014,Cana-Soca 1,2014,160,0,0,0
6/10/2014,Cana-Soca 1,2014,161,0,0,0
6/11/2014,Cana-Soca 1,2014,162,0,0,0
6/12/2014,Cana-Soca 1,2014,163,0,0,0
6/13/2014,Cana-Soca 1,2014,164,0,0,0
6/14/2014,Cana-Soca 1,2014,165,0,0,0
6/15/2014,Cana-Soca 1,2014,166,0,0,0
6/16/2014,Cana-Soca 1,2014,167,0,0,0
6/17/2014,Cana-Soca 1,2014,168,22,0,22
6/18/2014,Cana-Soca 1,2014,169,0,0.125,0.125
6/19/2014,Cana-Soca 1,2014,170,0,0,0
6/20/2014,Cana-Soca 1,2014,171,0,0,0
6/21/2014,Cana-Soca 1,2014,172,0,0,0
6/22/2014,Cana-Soca 1,2014,173,0,0.125,0.125
6/23/2014,Cana-Soca 1,2014,174,0,0,0
6/24/2014,Cana-Soca 1,2014,175,0,0,0
6/25/2014,Cana-Soca 1,2014,176,0,0,0
6/26/2014,Cana-Soca 1,2014,177,0,0,0
6/27/2014,Cana-Soca 1,2014,178,0,0,0
6/28/2014,Cana-Soca 1,2014,179,0,0,0
6/29/2014,Cana-Soca 1,2014,180,0,0,0
6/30/2014,Cana-Soca 1,2014,181,0,0,0
7/1/2014,Cana-Soca 1,2014,182,0,0,0
7/2/2014,Cana-Soca 1,2014,183,0,0,0
7/3/2014,Cana-Soca 1,2014,184,0,0,0
7/4/2014,Cana-Soca 1,2014,185,0,0,0
7/5/2014,Cana-Soca 1,2014,186,0,0,0
7/6/2014,Cana-Soca 1,2014,187,0,0,0
7/7/2014,Cana-Soca 1,2014,188,0,0,0
7/8/2014,Cana-Soca 1,2014,189,0,4.875,4.875
7/9/2014,Cana-Soca 1,2014,190,0,7.125,7.125
7/10/2014,Cana-Soca 1,2014,191,0,1.5,1.5
7/11/2014,Cana-Soca 1,2014,192,0,0,0
7/12/2014,Cana-Soca 1,2014,193,0,0,0
7/13/2014,Cana-Soca 1,2014,194,0,0,0
7/14/2014,Cana-Soca 1,2014,195,0,0,0
7/15/2014,Cana-Soca 2,2014,196,0,0,0
7/16/2014,Cana-Soca 2,2014,197,0,0,0
7/17/2014,Cana-Soca 2,2014,198,0,0,0
7/18/2014,Cana-Soca 2,2014,199,0,1.25,1.25
7/19/2014,Cana-Soca 2,2014,200,0,0,0
7/20/2014,Cana-Soca 2,2014,201,0,0,0
7/21/2014,Cana-Soca 2,2014,202,0,0,0
7/22/2014,Cana-Soca 2,2014,203,0,0,0
7/23/2014,Cana-Soca 2,2014,204,0,0,0
7/24/2014,Cana-Soca 2,2014,205,0,11.5,11.5
7/25/2014,Cana-Soca 2,2014,206,0,2.875,2.875
7/26/2014,Cana-Soca 2,2014,207,0,0,0
7/27/2014,Cana-Soca 2,2014,208,0,1,1
7/28/2014,Cana-Soca 2,2014,209,0,0,0
7/29/2014,Cana-Soca 2,2014,210,0,0,0
7/30/2014,Cana-Soca 2,2014,211,0,0,0
7/31/2014,Cana-Soca 2,2014,212,0,0,0
8/1/2014,Cana-Soca 2,2014,213,0,0,0
8/2/2014,Cana-Soca 2,2014,214,0,0,0
8/3/2014,Cana-Soca 2,2014,215,0,0,0
8/4/2014,Cana-Soca 2,2014,216,0,0,0
8/5/2014,Cana-Soca 2,2014,217,0,0,0
8/6/2014,Cana-Soca 2,2014,218,0,0,0
8/7/2014,Cana-Soca 2,2014,219,0,0,0
8/8/2014,Cana-Soca 2,2014,220,0,0,0
8/9/2014,Cana-Soca 2,2014,221,0,0,0
8/10/2014,Cana-Soca 2,2014,222,0,0,0
8/11/2014,Cana-Soca 2,2014,223,0,0,0
8/12/2014,Cana-Soca 2,2014,224,0,0,0
8/13/2014,Cana-Soca 2,2014,225,0,6.75,6.75
8/14/2014,Cana-Soca 2,2014,226,0,0,0
8/15/2014,Cana-Soca 2,2014,227,0,0,0
8/16/2014,Cana-Soca 2,2014,228,0,0,0
8/17/2014,Cana-Soca 2,2014,229,0,1,1
8/18/2014,Cana-Soca 2,2014,230,0,0.125,0.125
8/19/2014,Cana-Soca 2,2014,231,0,0,0
8/20/2014,Cana-Soca 2,2014,232,0,0,0
8/21/2014,Cana-Soca 2,2014,233,0,0,0
8/22/2014,Cana-Soca 2,2014,234,0,0,0
8/23/2014,Cana-Soca 2,2014,235,0,0,0
8/24/2014,Cana-Soca 2,2014,236,0,0,0
8/25/2014,Cana-Soca 2,2014,237,0,0,0
8/26/2014,Cana-Soca 2,2014,238,0,0,0
8/27/2014,Cana-Soca 2,2014,239,0,0,0
8/28/2014,Cana-Soca 2,2014,240,0,0,0
8/29/2014,Cana-Soca 2,2014,241,0,0.5,0.5
8/30/2014,Cana-Soca 2,2014,242,0,0,0
8/31/2014,Cana-Soca 2,2014,243,0,1.125,1.125
9/1/2014,Cana-Soca 2,2014,244,0,13.75,13.75
9/2/2014,Cana-Soca 2,2014,245,0,9,9
9/3/2014,Cana-Soca 2,2014,246,0,14.375,14.375
9/4/2014,Cana-Soca 2,2014,247,0,0,0
9/5/2014,Cana-Soca 2,2014,248,0,0,0
9/6/2014,Cana-Soca 2,2014,249,0,0,0
9/7/2014,Cana-Soca 2,2014,250,0,0,0
9/8/2014,Cana-Soca 2,2014,251,0,0,0
9/9/2014,Cana-Soca 2,2014,252,0,0,0
9/10/2014,Cana-Soca 2,2014,253,0,0,0
9/11/2014,Cana-Soca 2,2014,254,0,0,0
9/12/2014,Cana-Soca 2,2014,255,0,0,0
9/13/2014,Cana-Soca 2,2014,256,0,0,0
9/14/2014,Cana-Soca 2,2014,257,0,0,0
9/15/2014,Cana-Soca 2,2014,258,0,0,0
9/16/2014,Cana-Soca 2,2014,259,0,0,0
9/17/2014,Cana-Soca 2,2014,260,0,0,0
9/18/2014,Cana-Soca 2,2014,261,0,0,0
9/19/2014,Cana-Soca 2,2014,262,0,1.625,1.625
9/20/2014,Cana-Soca 2,2014,263,0,13.875,13.875
9/21/2014,Cana-Soca 2,2014,264,0,0,0
9/22/2014,Cana-Soca 2,2014,265,0,0,0
9/23/2014,Cana-Soca 2,2014,266,0,0,0
9/24/2014,Cana-Soca 2,2014,267,0,6.875,6.875
9/25/2014,Cana-Soca 2,2014,268,0,5.75,5.75
9/26/2014,Cana-Soca 2,2014,269,0,42.125,42.125
9/27/2014,Cana-Soca 2,2014,270,0,1.625,1.625
9/28/2014,Cana-Soca 2,2014,271,0,0,0
9/29/2014,Cana-Soca 2,2014,272,0,0,0
9/30/2014,Cana-Soca 2,2014,273,0,0,0
10/1/2014,Cana-Soca 2,2014,274,0,4,4
10/2/2014,Cana-Soca 2,2014,275,0,0,0
10/3/2014,Cana-Soca 2,2014,276,0,0,0
10/4/2014,Cana-Soca 2,2014,277,0,0,0
10/5/2014,Cana-Soca 2,2014,278,0,0,0
10/6/2014,Cana-Soca 2,2014,279,0,0,0
10/7/2014,Cana-Soca 2,2014,280,0,0,0
10/8/2014,Cana-Soca 2,2014,281,0,0,0
10/9/2014,Cana-Soca 2,2014,282,0,0,0
10/10/2014,Cana-Soca 2,2014,283,0,0,0
10/11/2014,Cana-Soca 2,2014,284,0,0,0
10/12/2014,Cana-Soca 2,2014,285,0,0,0
10/13/2014,Cana-Soca 2,2014,286,0,0,0
10/14/2014,Cana-Soca 2,2014,287,0,0,0
10/15/2014,Cana-Soca 2,2014,288,0,0,0
10/16/2014,Cana-Soca 2,2014,289,0,0,0
10/17/2014,Cana-Soca 2,2014,290,0,0,0
10/18/2014,Cana-Soca 2,2014,291,0,0,0
10/19/2014,Cana-Soca 2,2014,292,0,3.25,3.25
10/20/2014,Cana-Soca 2,2014,293,0,0,0
10/21/2014,Cana-Soca 2,2014,294,0,0,0
10/22/2014,Cana-Soca 2,2014,295,0,0,0
10/23/2014,Cana-Soca 2,2014,296,0,0,0
10/24/2014,Cana-Soca 2,2014,297,0,5.375,5.375
10/25/2014,Cana-Soca 2,2014,298,0,9.125,9.125
10/26/2014,Cana-Soca 2,2014,299,0,0.125,0.125
10/27/2014,Cana-Soca 2,2014,300,0,0,0
10/28/2014,Cana-Soca 2,2014,301,0,0,0
10/29/2014,Cana-Soca 2,2014,302,0,0,0
10/30/2014,Cana-Soca 2,2014,303,0,0,0
10/31/2014,Cana-Soca 2,2014,304,0,0,0
11/1/2014,Cana-Soca 2,2014,305,0,2.875,2.875
11/2/2014,Cana-Soca 2,2014,306,0,40.125,40.125
11/3/2014,Cana-Soca 2,2014,307,0,18.625,18.625
11/4/2014,Cana-Soca 2,2014,308,0,26.125,26.125
11/5/2014,Cana-Soca 2,2014,309,0,0.25,0.25
11/6/2014,Cana-Soca 2,2014,310,0,0,0
11/7/2014,Cana-Soca 2,2014,311,0,22.375,22.375
11/8/2014,Cana-Soca 2,2014,312,0,3,3
11/9/2014,Cana-Soca 2,2014,313,0,0,0
11/10/2014,Cana-Soca 2,2014,314,0,0,0
11/11/2014,Cana-Soca 2,2014,315,0,0,0
11/12/2014,Cana-Soca 2,2014,316,0,0,0
11/13/2014,Cana-Soca 2,2014,317,0,9,9
11/14/2014,Cana-Soca 2,2014,318,0,0,0
11/15/2014,Cana-Soca 2,2014,319,0,0,0
11/16/2014,Cana-Soca 2,2014,320,0,0,0
11/17/2014,Cana-Soca 2,2014,321,0,0,0
11/18/2014,Cana-Soca 2,2014,322,0,0,0
11/19/2014,Cana-Soca 2,2014,323,0,0,0
11/20/2014,Cana-Soca 2,2014,324,0,0,0
11/21/2014,Cana-Soca 2,2014,325,0,0,0
11/22/2014,Cana-Soca 2,2014,326,0,5.75,5.75
11/23/2014,Cana-Soca 2,2014,327,0,0.25,0.25
11/24/2014,Cana-Soca 2,2014,328,0,5.625,5.625
11/25/2014,Cana-Soca 2,2014,329,0,24.125,24.125
11/26/2014,Cana-Soca 2,2014,330,0,34.875,34.875
11/27/2014,Cana-Soca 2,2014,331,0,0.125,0.125
11/28/2014,Cana-Soca 2,2014,332,0,0,0
11/29/2014,Cana-Soca 2,2014,333,0,0,0
11/30/2014,Cana-Soca 2,2014,334,0,0.125,0.125
12/1/2014,Cana-Soca 2,2014,335,0,6.875,6.875
12/2/2014,Cana-Soca 2,2014,336,0,0.125,0.125
12/3/2014,Cana-Soca 2,2014,337,0,0,0
12/4/2014,Cana-Soca 2,2014,338,0,0,0
12/5/2014,Cana-Soca 2,2014,339,0,0,0
12/6/2014,Cana-Soca 2,2014,340,0,4.875,4.875
12/7/2014,Cana-Soca 2,2014,341,0,0,0
12/8/2014,Cana-Soca 2,2014,342,0,0,0
12/9/2014,Cana-Soca 2,2014,343,0,9.25,9.25
12/10/2014,Cana-Soca 2,2014,344,0,23.625,23.625
12/11/2014,Cana-Soca 2,2014,345,0,0,0
12/12/2014,Cana-Soca 2,2014,346,0,27.125,27.125
12/13/2014,Cana-Soca 2,2014,347,0,22.625,22.625
12/14/2014,Cana-Soca 2,2014,348,0,0,0
12/15/2014,Cana-Soca 2,2014,349,0,0,0
12/16/2014,Cana-Soca 2,2014,350,0,0,0
12/17/2014,Cana-Soca 2,2014,351,0,0,0
12/18/2014,Cana-Soca 2,2014,352,0,0,0
12/19/2014,Cana-Soca 2,2014,353,0,1.75,1.75
12/20/2014,Cana-Soca 2,2014,354,0,52.75,52.75
12/21/2014,Cana-Soca 2,2014,355,0,1.875,1.875
12/22/2014,Cana-Soca 2,2014,356,0,66,66
12/23/2014,Cana-Soca 2,2014,357,0,25.25,25.25
12/24/2014,Cana-Soca 2,2014,358,0,6,6
12/25/2014,Cana-Soca 2,2014,359,0,0,0
12/26/2014,Cana-Soca 2,2014,360,0,0,0
12/27/2014,Cana-Soca 2,2014,361,0,0,0
12/28/2014,Cana-Soca 2,2014,362,0,4.875,4.875
12/29/2014,Cana-Soca 2,2014,363,0,50.125,50.125
12/30/2014,Cana-Soca 2,2014,364,0,14,14
12/31/2014,Cana-Soca 2,2014,365,0,2.75,2.75
1/1/2015,Cana-Soca 2,2015,1,0,0.375,0.375
1/2/2015,Cana-Soca 2,2015,2,0,10.5,10.5
1/3/2015,Cana-Soca 2,2015,3,0,19.125,19.125
1/4/2015,Cana-Soca 2,2015,4,0,0,0
1/5/2015,Cana-Soca 2,2015,5,0,13.625,13.625
1/6/2015,Cana-Soca 2,2015,6,0,2.75,2.75
1/7/2015,Cana-Soca 2,2015,7,0,0,0
1/8/2015,Cana-Soca 2,2015,8,0,0,0
1/9/2015,Cana-Soca 2,2015,9,0,0.625,0.625
1/10/2015,Cana-Soca 2,2015,10,0,0.875,0.875
1/11/2015,Cana-Soca 2,2015,11,0,1.375,1.375
1/12/2015,Cana-Soca 2,2015,12,0,0.375,0.375
1/13/2015,Cana-Soca 2,2015,13,0,1.875,1.875
1/14/2015,Cana-Soca 2,2015,14,0,0,0
1/15/2015,Cana-Soca 2,2015,15,0,0,0
1/16/2015,Cana-Soca 2,2015,16,0,0,0
1/17/2015,Cana-Soca 2,2015,17,0,0,0
1/18/2015,Cana-Soca 2,2015,18,0,0,0
1/19/2015,Cana-Soca 2,2015,19,0,0,0
1/20/2015,Cana-Soca 2,2015,20,0,0,0
1/21/2015,Cana-Soca 2,2015,21,0,14.75,14.75
1/22/2015,Cana-Soca 2,2015,22,0,0,0
1/23/2015,Cana-Soca 2,2015,23,0,0,0
1/24/2015,Cana-Soca 2,2015,24,0,0,0
1/25/2015,Cana-Soca 2,2015,25,0,20,20
1/26/2015,Cana-Soca 2,2015,26,0,12.25,12.25
1/27/2015,Cana-Soca 2,2015,27,0,0,0
1/28/2015,Cana-Soca 2,2015,28,0,0,0
1/29/2015,Cana-Soca 2,2015,29,0,12.5,12.5
1/30/2015,Cana-Soca 2,2015,30,0,1.125,1.125
1/31/2015,Cana-Soca 2,2015,31,0,0,0
2/1/2015,Cana-Soca 2,2015,32,0,0,0
2/2/2015,Cana-Soca 2,2015,33,0,8.25,8.25
2/3/2015,Cana-Soca 2,2015,34,0,0.25,0.25
2/4/2015,Cana-Soca 2,2015,35,0,5.25,5.25
2/5/2015,Cana-Soca 2,2015,36,0,24.25,24.25
2/6/2015,Cana-Soca 2,2015,37,0,0.75,0.75
2/7/2015,Cana-Soca 2,2015,38,0,0,0
2/8/2015,Cana-Soca 2,2015,39,0,0,0
2/9/2015,Cana-Soca 2,2015,40,0,0,0
2/10/2015,Cana-Soca 2,2015,41,0,30.25,30.25
2/11/2015,Cana-Soca 2,2015,42,0,0.25,0.25
2/12/2015,Cana-Soca 2,2015,43,0,0,0
2/13/2015,Cana-Soca 2,2015,44,0,5.625,5.625
2/14/2015,Cana-Soca 2,2015,45,0,14.5,14.5
2/15/2015,Cana-Soca 2,2015,46,0,23.125,23.125
2/16/2015,Cana-Soca 2,2015,47,0,21.125,21.125
2/17/2015,Cana-Soca 2,2015,48,0,23.625,23.625
2/18/2015,Cana-Soca 2,2015,49,0,12.125,12.125
2/19/2015,Cana-Soca 2,2015,50,0,0,0
2/20/2015,Cana-Soca 2,2015,51,0,0,0
2/21/2015,Cana-Soca 2,2015,52,0,0,0
2/22/2015,Cana-Soca 2,2015,53,0,0,0
2/23/2015,Cana-Soca 2,2015,54,0,0,0
2/24/2015,Cana-Soca 2,2015,55,30,0,30
2/25/2015,Cana-Soca 2,2015,56,0,42,42
2/26/2015,Cana-Soca 2,2015,57,0,1.375,1.375
2/27/2015,Cana-Soca 2,2015,58,0,2.125,2.125
2/28/2015,Cana-Soca 2,2015,59,0,2.75,2.75
3/1/2015,Cana-Soca 2,2015,60,0,0,0
3/2/2015,Cana-Soca 2,2015,61,0,0,0
3/3/2015,Cana-Soca 2,2015,62,0,0,0
3/4/2015,Cana-Soca 2,2015,63,10,0,10
3/5/2015,Cana-Soca 2,2015,64,0,0,0
3/6/2015,Cana-Soca 2,2015,65,0,0,0
3/7/2015,Cana-Soca 2,2015,66,0,7.625,7.625
3/8/2015,Cana-Soca 2,2015,67,0,1.75,1.75
3/9/2015,Cana-Soca 2,2015,68,0,13,13
3/10/2015,Cana-Soca 2,2015,69,0,16.75,16.75
3/11/2015,Cana-Soca 2,2015,70,0,2.125,2.125
3/12/2015,Cana-Soca 2,2015,71,0,0.125,0.125
3/13/2015,Cana-Soca 2,2015,72,0,0,0
3/14/2015,Cana-Soca 2,2015,73,0,6.625,6.625
3/15/2015,Cana-Soca 2,2015,74,0,20.125,20.125
3/16/2015,Cana-Soca 2,2015,75,0,1.625,1.625
3/17/2015,Cana-Soca 2,2015,76,0,0.625,0.625
3/18/2015,Cana-Soca 2,2015,77,0,0,0
3/19/2015,Cana-Soca 2,2015,78,0,6.875,6.875
3/20/2015,Cana-Soca 2,2015,79,0,8.875,8.875
3/21/2015,Cana-Soca 2,2015,80,0,17.375,17.375
3/22/2015,Cana-Soca 2,2015,81,0,2.875,2.875
3/23/2015,Cana-Soca 2,2015,82,0,0,0
3/24/2015,Cana-Soca 2,2015,83,0,0,0
3/25/2015,Cana-Soca 2,2015,84,0,0,0
3/26/2015,Cana-Soca 2,2015,85,0,0,0
3/27/2015,Cana-Soca 2,2015,86,0,0,0
3/28/2015,Cana-Soca 2,2015,87,0,0,0
3/29/2015,Cana-Soca 2,2015,88,0,5.375,5.375
3/30/2015,Cana-Soca 2,2015,89,0,7.75,7.75
3/31/2015,Cana-Soca 2,2015,90,0,0,0
4/1/2015,Cana-Soca 2,2015,91,0,0,0
4/2/2015,Cana-Soca 2,2015,92,0,0,0
4/3/2015,Cana-Soca 2,2015,93,0,0,0
4/4/2015,Cana-Soca 2,2015,94,0,0.125,0.125
4/5/2015,Cana-Soca 2,2015,95,0,8.5,8.5
4/6/2015,Cana-Soca 2,2015,96,0,0,0
4/7/2015,Cana-Soca 2,2015,97,0,0,0
4/8/2015,Cana-Soca 2,2015,98,0,0,0
4/9/2015,Cana-Soca 2,2015,99,0,0,0
4/10/2015,Cana-Soca 2,2015,100,0,0,0
4/11/2015,Cana-Soca 2,2015,101,0,0,0
4/12/2015,Cana-Soca 2,2015,102,0,0,0
4/13/2015,Cana-Soca 2,2015,103,0,0,0
4/14/2015,Cana-Soca 2,2015,104,0,0,0
4/15/2015,Cana-Soca 2,2015,105,0,0,0
4/16/2015,Cana-Soca 2,2015,106,0,0.125,0.125
4/17/2015,Cana-Soca 2,2015,107,0,0,0
4/18/2015,Cana-Soca 2,2015,108,0,0,0
4/19/2015,Cana-Soca 2,2015,109,0,5.125,5.125
4/20/2015,Cana-Soca 2,2015,110,0,0.125,0.125
4/21/2015,Cana-Soca 2,2015,111,0,0,0
4/22/2015,Cana-Soca 2,2015,112,0,0,0
4/23/2015,Cana-Soca 2,2015,113,0,0,0
4/24/2015,Cana-Soca 2,2015,114,0,0,0
4/25/2015,Cana-Soca 2,2015,115,0,0,0
4/26/2015,Cana-Soca 2,2015,116,0,0,0
4/27/2015,Cana-Soca 2,2015,117,0,0,0
4/28/2015,Cana-Soca 2,2015,118,0,0,0
4/29/2015,Cana-Soca 2,2015,119,0,0,0
4/30/2015,Cana-Soca 2,2015,120,0,0,0
5/1/2015,Cana-Soca 2,2015,121,0,0,0
5/2/2015,Cana-Soca 2,2015,122,0,0,0
5/3/2015,Cana-Soca 2,2015,123,0,0,0
5/4/2015,Cana-Soca 2,2015,124,0,16.75,16.75
5/5/2015,Cana-Soca 2,2015,125,0,0,0
5/6/2015,Cana-Soca 2,2015,126,0,0,0
5/7/2015,Cana-Soca 2,2015,127,0,0.25,0.25
5/8/2015,Cana-Soca 2,2015,128,0,0,0
5/9/2015,Cana-Soca 2,2015,129,0,0,0
5/10/2015,Cana-Soca 2,2015,130,0,24.875,24.875
5/11/2015,Cana-Soca 2,2015,131,0,0,0
5/12/2015,Cana-Soca 2,2015,132,0,0.25,0.25
5/13/2015,Cana-Soca 2,2015,133,0,0,0
5/14/2015,Cana-Soca 2,2015,134,0,0,0
5/15/2015,Cana-Soca 2,2015,135,0,0,0
5/16/2015,Cana-Soca 2,2015,136,0,0,0
5/17/2015,Cana-Soca 2,2015,137,0,0.125,0.125
5/18/2015,Cana-Soca 2,2015,138,0,1.5,1.5
5/19/2015,Cana-Soca 2,2015,139,0,2.625,2.625
5/20/2015,Cana-Soca 2,2015,140,0,0,0
5/21/2015,Cana-Soca 2,2015,141,0,0,0
5/22/2015,Cana-Soca 2,2015,142,0,0,0
5/23/2015,Cana-Soca 2,2015,143,0,0,0
5/24/2015,Cana-Soca 2,2015,144,0,0,0
5/25/2015,Cana-Soca 2,2015,145,0,0,0
5/26/2015,Cana-Soca 2,2015,146,0,0,0
5/27/2015,Cana-Soca 2,2015,147,0,0,0
5/28/2015,Cana-Soca 2,2015,148,0,7.125,7.125
5/29/2015,Cana-Soca 2,2015,149,0,10.875,10.875
5/30/2015,Cana-Soca 2,2015,150,0,5.125,5.125
5/31/2015,Cana-Soca 2,2015,151,0,29.75,29.75
6/1/2015,Cana-Soca 2,2015,152,0,0.375,0.375
6/2/2015,Cana-Soca 2,2015,153,0,0,0
6/3/2015,Cana-Soca 2,2015,154,0,0.125,0.125
6/4/2015,Cana-Soca 2,2015,155,0,0.125,0.125
6/5/2015,Cana-Soca 2,2015,156,0,0,0
6/6/2015,Cana-Soca 2,2015,157,0,0,0
6/7/2015,Cana-Soca 2,2015,158,0,0,0
6/8/2015,Cana-Soca 3,2015,159,0,0,0
6/9/2015,Cana-Soca 3,2015,160,0,0,0
6/10/2015,Cana-Soca 3,2015,161,0,0,0
6/11/2015,Cana-Soca 3,2015,162,0,0,0
6/12/2015,Cana-Soca 3,2015,163,0,0,0
6/13/2015,Cana-Soca 3,2015,164,0,0,0
6/14/2015,Cana-Soca 3,2015,165,0,0,0
6/15/2015,Cana-Soca 3,2015,166,0,1.75,1.75
6/16/2015,Cana-Soca 3,2015,167,0,0,0
6/17/2015,Cana-Soca 3,2015,168,0,0,0
6/18/2015,Cana-Soca 3,2015,169,0,0,0
6/19/2015,Cana-Soca 3,2015,170,0,0,0
6/20/2015,Cana-Soca 3,2015,171,0,0,0
6/21/2015,Cana-Soca 3,2015,172,0,0,0
6/22/2015,Cana-Soca 3,2015,173,0,0,0
6/23/2015,Cana-Soca 3,2015,174,0,0,0
6/24/2015,Cana-Soca 3,2015,175,0,0,0
6/25/2015,Cana-Soca 3,2015,176,0,0,0
6/26/2015,Cana-Soca 3,2015,177,0,0,0
6/27/2015,Cana-Soca 3,2015,178,0,0,0
6/28/2015,Cana-Soca 3,2015,179,0,0,0
6/29/2015,Cana-Soca 3,2015,180,0,0,0
6/30/2015,Cana-Soca 3,2015,181,0,0,0
7/1/2015,Cana-Soca 3,2015,182,0,3.625,3.625
7/2/2015,Cana-Soca 3,2015,183,0,0.125,0.125
7/3/2015,Cana-Soca 3,2015,184,0,1.125,1.125
7/4/2015,Cana-Soca 3,2015,185,0,2.5,2.5
7/5/2015,Cana-Soca 3,2015,186,0,0,0
7/6/2015,Cana-Soca 3,2015,187,0,0,0
7/7/2015,Cana-Soca 3,2015,188,0,8.375,8.375
7/8/2015,Cana-Soca 3,2015,189,0,9.125,9.125
7/9/2015,Cana-Soca 3,2015,190,0,0,0
7/10/2015,Cana-Soca 3,2015,191,0,0.125,0.125
7/11/2015,Cana-Soca 3,2015,192,0,5.75,5.75
7/12/2015,Cana-Soca 3,2015,193,0,0.125,0.125
7/13/2015,Cana-Soca 3,2015,194,0,0,0
7/14/2015,Cana-Soca 3,2015,195,0,0,0
7/15/2015,Cana-Soca 3,2015,196,0,0,0
7/16/2015,Cana-Soca 3,2015,197,0,0,0
7/17/2015,Cana-Soca 3,2015,198,0,0,0
7/18/2015,Cana-Soca 3,2015,199,0,0,0
7/19/2015,Cana-Soca 3,2015,200,0,0,0
7/20/2015,Cana-Soca 3,2015,201,0,0,0
7/21/2015,Cana-Soca 3,2015,202,0,0,0
7/22/2015,Cana-Soca 3,2015,203,0,0,0
7/23/2015,Cana-Soca 3,2015,204,0,0,0
7/24/2015,Cana-Soca 3,2015,205,0,1.875,1.875
7/25/2015,Cana-Soca 3,2015,206,0,16.375,16.375
7/26/2015,Cana-Soca 3,2015,207,0,0,0
7/27/2015,Cana-Soca 3,2015,208,0,0,0
7/28/2015,Cana-Soca 3,2015,209,0,0,0
7/29/2015,Cana-Soca 3,2015,210,0,0,0
7/30/2015,Cana-Soca 3,2015,211,0,0,0
7/31/2015,Cana-Soca 3,2015,212,0,0,0
8/1/2015,Cana-Soca 3,2015,213,0,0,0
8/2/2015,Cana-Soca 3,2015,214,0,0,0
8/3/2015,Cana-Soca 3,2015,215,0,0,0
8/4/2015,Cana-Soca 3,2015,216,0,0,0
8/5/2015,Cana-Soca 3,2015,217,0,0,0
8/6/2015,Cana-Soca 3,2015,218,0,0,0
8/7/2015,Cana-Soca 3,2015,219,0,0,0
8/8/2015,Cana-Soca 3,2015,220,0,0,0
8/9/2015,Cana-Soca 3,2015,221,0,0,0
8/10/2015,Cana-Soca 3,2015,222,0,0,0
8/11/2015,Cana-Soca 3,2015,223,0,0,0
8/12/2015,Cana-Soca 3,2015,224,0,0,0
8/13/2015,Cana-Soca 3,2015,225,0,0,0
8/14/2015,Cana-Soca 3,2015,226,0,0,0
8/15/2015,Cana-Soca 3,2015,227,0,0,0
8/16/2015,Cana-Soca 3,2015,228,0,0,0
8/17/2015,Cana-Soca 3,2015,229,0,0,0
8/18/2015,Cana-Soca 3,2015,230,0,0,0
8/19/2015,Cana-Soca 3,2015,231,0,0,0
8/20/2015,Cana-Soca 3,2015,232,0,0,0
8/21/2015,Cana-Soca 3,2015,233,0,0,0
8/22/2015,Cana-Soca 3,2015,234,0,0,0
8/23/2015,Cana-Soca 3,2015,235,0,0,0
8/24/2015,Cana-Soca 3,2015,236,0,8.25,8.25
8/25/2015,Cana-Soca 3,2015,237,0,11.125,11.125
8/26/2015,Cana-Soca 3,2015,238,0,0.375,0.375
8/27/2015,Cana-Soca 3,2015,239,0,21.375,21.375
8/28/2015,Cana-Soca 3,2015,240,0,0.125,0.125
8/29/2015,Cana-Soca 3,2015,241,0,0,0
8/30/2015,Cana-Soca 3,2015,242,0,0,0
8/31/2015,Cana-Soca 3,2015,243,0,0,0
9/1/2015,Cana-Soca 3,2015,244,0,0,0
9/2/2015,Cana-Soca 3,2015,245,0,0,0
9/3/2015,Cana-Soca 3,2015,246,0,0,0
9/4/2015,Cana-Soca 3,2015,247,0,0.125,0.125
9/5/2015,Cana-Soca 3,2015,248,0,0,0
9/6/2015,Cana-Soca 3,2015,249,0,0.125,0.125
9/7/2015,Cana-Soca 3,2015,250,0,10.125,10.125
9/8/2015,Cana-Soca 3,2015,251,0,55,55
9/9/2015,Cana-Soca 3,2015,252,0,0.125,0.125
9/10/2015,Cana-Soca 3,2015,253,0,17.375,17.375
9/11/2015,Cana-Soca 3,2015,254,0,22.5,22.5
9/12/2015,Cana-Soca 3,2015,255,0,2.125,2.125
9/13/2015,Cana-Soca 3,2015,256,0,0.25,0.25
9/14/2015,Cana-Soca 3,2015,257,0,0,0
9/15/2015,Cana-Soca 3,2015,258,0,0,0
9/16/2015,Cana-Soca 3,2015,259,0,0,0
9/17/2015,Cana-Soca 3,2015,260,0,0,0
9/18/2015,Cana-Soca 3,2015,261,0,0,0
9/19/2015,Cana-Soca 3,2015,262,0,0,0
9/20/2015,Cana-Soca 3,2015,263,0,0,0
9/21/2015,Cana-Soca 3,2015,264,0,0,0
9/22/2015,Cana-Soca 3,2015,265,0,0,0
9/23/2015,Cana-Soca 3,2015,266,0,0,0
9/24/2015,Cana-Soca 3,2015,267,0,0,0
9/25/2015,Cana-Soca 3,2015,268,0,14.125,14.125
9/26/2015,Cana-Soca 3,2015,269,0,12.25,12.25
9/27/2015,Cana-Soca 3,2015,270,0,10.5,10.5
9/28/2015,Cana-Soca 3,2015,271,0,20.625,20.625
9/29/2015,Cana-Soca 3,2015,272,0,17,17
9/30/2015,Cana-Soca 3,2015,273,0,27.25,27.25
10/1/2015,Cana-Soca 3,2015,274,0,0,0
10/2/2015,Cana-Soca 3,2015,275,0,0,0
10/3/2015,Cana-Soca 3,2015,276,0,3.125,3.125
10/4/2015,Cana-Soca 3,2015,277,0,0,0
10/5/2015,Cana-Soca 3,2015,278,0,0,0
10/6/2015,Cana-Soca 3,2015,279,0,0,0
10/7/2015,Cana-Soca 3,2015,280,0,0,0
10/8/2015,Cana-Soca 3,2015,281,0,0,0
10/9/2015,Cana-Soca 3,2015,282,0,17,17
10/10/2015,Cana-Soca 3,2015,283,0,4,4
10/11/2015,Cana-Soca 3,2015,284,0,0,0
10/12/2015,Cana-Soca 3,2015,285,0,0,0
10/13/2015,Cana-Soca 3,2015,286,0,2.375,2.375
10/14/2015,Cana-Soca 3,2015,287,0,0,0
10/15/2015,Cana-Soca 3,2015,288,0,0,0
10/16/2015,Cana-Soca 3,2015,289,0,0,0
10/17/2015,Cana-Soca 3,2015,290,0,0,0
10/18/2015,Cana-Soca 3,2015,291,0,0,0
10/19/2015,Cana-Soca 3,2015,292,0,0,0
10/20/2015,Cana-Soca 3,2015,293,0,0,0
10/21/2015,Cana-Soca 3,2015,294,0,6.875,6.875
10/22/2015,Cana-Soca 3,2015,295,0,16.125,16.125
10/23/2015,Cana-Soca 3,2015,296,0,0,0
10/24/2015,Cana-Soca 3,2015,297,0,0,0
10/25/2015,Cana-Soca 3,2015,298,0,2.25,2.25
10/26/2015,Cana-Soca 3,2015,299,0,8.75,8.75
10/27/2015,Cana-Soca 3,2015,300,0,1.125,1.125
10/28/2015,Cana-Soca 3,2015,301,0,0,0
10/29/2015,Cana-Soca 3,2015,302,0,0.125,0.125
10/30/2015,Cana-Soca 3,2015,303,0,0,0
10/31/2015,Cana-Soca 3,2015,304,0,23,23
11/1/2015,Cana-Soca 3,2015,305,0,12.25,12.25
11/2/2015,Cana-Soca 3,2015,306,0,6.75,6.75
11/3/2015,Cana-Soca 3,2015,307,0,8.125,8.125
11/4/2015,Cana-Soca 3,2015,308,0,35.75,35.75
11/5/2015,Cana-Soca 3,2015,309,0,2.25,2.25
11/6/2015,Cana-Soca 3,2015,310,0,0.125,0.125
11/7/2015,Cana-Soca 3,2015,311,0,0,0
11/8/2015,Cana-Soca 3,2015,312,0,0.75,0.75
11/9/2015,Cana-Soca 3,2015,313,0,0.75,0.75
11/10/2015,Cana-Soca 3,2015,314,0,0,0
11/11/2015,Cana-Soca 3,2015,315,0,0,0
11/12/2015,Cana-Soca 3,2015,316,0,0,0
11/13/2015,Cana-Soca 3,2015,317,0,10,10
11/14/2015,Cana-Soca 3,2015,318,0,9.625,9.625
11/15/2015,Cana-Soca 3,2015,319,0,7.375,7.375
11/16/2015,Cana-Soca 3,2015,320,0,4.375,4.375
11/17/2015,Cana-Soca 3,2015,321,0,18.625,18.625
11/18/2015,Cana-Soca 3,2015,322,0,0.25,0.25
11/19/2015,Cana-Soca 3,2015,323,0,0,0
11/20/2015,Cana-Soca 3,2015,324,0,27.375,27.375
11/21/2015,Cana-Soca 3,2015,325,0,0.25,0.25
11/22/2015,Cana-Soca 3,2015,326,0,0,0
11/23/2015,Cana-Soca 3,2015,327,0,57.375,57.375
11/24/2015,Cana-Soca 3,2015,328,0,8.125,8.125
11/25/2015,Cana-Soca 3,2015,329,0,3,3
11/26/2015,Cana-Soca 3,2015,330,0,0,0
11/27/2015,Cana-Soca 3,2015,331,0,0,0
11/28/2015,Cana-Soca 3,2015,332,0,22.5,22.5
11/29/2015,Cana-Soca 3,2015,333,0,45.625,45.625
11/30/2015,Cana-Soca 3,2015,334,0,1.625,1.625
12/1/2015,Cana-Soca 3,2015,335,0,14,14
12/2/2015,Cana-Soca 3,2015,336,0,10.625,10.625
12/3/2015,Cana-Soca 3,2015,337,0,3,3
12/4/2015,Cana-Soca 3,2015,338,0,0,0
12/5/2015,Cana-Soca 3,2015,339,0,0,0
12/6/2015,Cana-Soca 3,2015,340,0,0,0
12/7/2015,Cana-Soca 3,2015,341,0,0,0
12/8/2015,Cana-Soca 3,2015,342,0,0,0
12/9/2015,Cana-Soca 3,2015,343,0,35.25,35.25
12/10/2015,Cana-Soca 3,2015,344,0,18.625,18.625
12/11/2015,Cana-Soca 3,2015,345,0,34.25,34.25
12/12/2015,Cana-Soca 3,2015,346,0,69.875,69.875
12/13/2015,Cana-Soca 3,2015,347,0,2.75,2.75
12/14/2015,Cana-Soca 3,2015,348,0,54.375,54.375
12/15/2015,Cana-Soca 3,2015,349,0,32.5,32.5
12/16/2015,Cana-Soca 3,2015,350,0,0,0
12/17/2015,Cana-Soca 3,2015,351,0,0,0
12/18/2015,Cana-Soca 3,2015,352,0,0,0
12/19/2015,Cana-Soca 3,2015,353,0,0,0
12/20/2015,Cana-Soca 3,2015,354,0,0,0
12/21/2015,Cana-Soca 3,2015,355,0,0,0
12/22/2015,Cana-Soca 3,2015,356,0,0,0
12/23/2015,Cana-Soca 3,2015,357,0,0.625,0.625
12/24/2015,Cana-Soca 3,2015,358,0,0,0
12/25/2015,Cana-Soca 3,2015,359,0,0,0
12/26/2015,Cana-Soca 3,2015,360,0,0,0
12/27/2015,Cana-Soca 3,2015,361,0,13.25,13.25
12/28/2015,Cana-Soca 3,2015,362,0,0,0
12/29/2015,Cana-Soca 3,2015,363,0,16.5,16.5
12/30/2015,Cana-Soca 3,2015,364,0,0.375,0.375
12/31/2015,Cana-Soca 3,2015,365,0,0,0
1/1/2016,Cana-Soca 3,2016,1,0,14,14
1/2/2016,Cana-Soca 3,2016,2,0,10.625,10.625
1/3/2016,Cana-Soca 3,2016,3,0,3,3
1/4/2016,Cana-Soca 3,2016,4,0,0,0
1/5/2016,Cana-Soca 3,2016,5,0,0,0
1/6/2016,Cana-Soca 3,2016,6,0,0,0
1/7/2016,Cana-Soca 3,2016,7,0,0,0
1/8/2016,Cana-Soca 3,2016,8,0,0,0
1/9/2016,Cana-Soca 3,2016,9,0,35.25,35.25
1/10/2016,Cana-Soca 3,2016,10,0,18.625,18.625
1/11/2016,Cana-Soca 3,2016,11,0,34.25,34.25
1/12/2016,Cana-Soca 3,2016,12,0,69.875,69.875
1/13/2016,Cana-Soca 3,2016,13,0,2.75,2.75
1/14/2016,Cana-Soca 3,2016,14,0,54.375,54.375
1/15/2016,Cana-Soca 3,2016,15,0,32.5,32.5
1/16/2016,Cana-Soca 3,2016,16,0,0,0
1/17/2016,Cana-Soca 3,2016,17,0,0,0
1/18/2016,Cana-Soca 3,2016,18,0,0,0
1/19/2016,Cana-Soca 3,2016,19,0,0,0
1/20/2016,Cana-Soca 3,2016,20,0,0,0
1/21/2016,Cana-Soca 3,2016,21,0,0,0
1/22/2016,Cana-Soca 3,2016,22,0,0,0
1/23/2016,Cana-Soca 3,2016,23,0,0.625,0.625
1/24/2016,Cana-Soca 3,2016,24,0,0,0
1/25/2016,Cana-Soca 3,2016,25,0,0,0
1/26/2016,Cana-Soca 3,2016,26,0,0,0
1/27/2016,Cana-Soca 3,2016,27,0,13.25,13.25
1/28/2016,Cana-Soca 3,2016,28,0,0,0
1/29/2016,Cana-Soca 3,2016,29,0,16.5,16.5
1/30/2016,Cana-Soca 3,2016,30,0,0.375,0.375
1/31/2016,Cana-Soca 3,2016,31,0,0,0
2/1/2016,Cana-Soca 3,2016,32,0,0,0
2/2/2016,Cana-Soca 3,2016,33,0,0,0
2/3/2016,Cana-Soca 3,2016,34,0,0,0
2/4/2016,Cana-Soca 3,2016,35,0,0.75,0.75
2/5/2016,Cana-Soca 3,2016,36,0,0,0
2/6/2016,Cana-Soca 3,2016,37,0,12.25,12.25
2/7/2016,Cana-Soca 3,2016,38,0,16.5,16.5
2/8/2016,Cana-Soca 3,2016,39,0,4.5,4.5
2/9/2016,Cana-Soca 3,2016,40,0,0.125,0.125
2/10/2016,Cana-Soca 3,2016,41,0,0,0
2/11/2016,Cana-Soca 3,2016,42,0,1.25,1.25
2/12/2016,Cana-Soca 3,2016,43,0,0,0
2/13/2016,Cana-Soca 3,2016,44,0,0,0
2/14/2016,Cana-Soca 3,2016,45,0,0,0
2/15/2016,Cana-Soca 3,2016,46,0,28.75,28.75
2/16/2016,Cana-Soca 3,2016,47,0,0.375,0.375
2/17/2016,Cana-Soca 3,2016,48,0,0,0
2/18/2016,Cana-Soca 3,2016,49,0,44.875,44.875
2/19/2016,Cana-Soca 3,2016,50,0,12,12
2/20/2016,Cana-Soca 3,2016,51,0,0.5,0.5
2/21/2016,Cana-Soca 3,2016,52,0,34.125,34.125
2/22/2016,Cana-Soca 3,2016,53,0,0.5,0.5
2/23/2016,Cana-Soca 3,2016,54,0,0.25,0.25
2/24/2016,Cana-Soca 3,2016,55,0,5,5
2/25/2016,Cana-Soca 3,2016,56,0,4.375,4.375
2/26/2016,Cana-Soca 3,2016,57,0,16.75,16.75
2/27/2016,Cana-Soca 3,2016,58,0,20.125,20.125
2/28/2016,Cana-Soca 3,2016,59,0,5.125,5.125
2/29/2016,Cana-Soca 3,2016,60,0,4.625,4.625
3/1/2016,Cana-Soca 3,2016,61,0,13.75,13.75
3/2/2016,Cana-Soca 3,2016,62,0,0,0
3/3/2016,Cana-Soca 3,2016,63,0,2.875,2.875
3/4/2016,Cana-Soca 3,2016,64,0,0.5,0.5
3/5/2016,Cana-Soca 3,2016,65,0,10.25,10.25
3/6/2016,Cana-Soca 3,2016,66,0,0.25,0.25
3/7/2016,Cana-Soca 3,2016,67,0,0,0
3/8/2016,Cana-Soca 3,2016,68,0,0,0
3/9/2016,Cana-Soca 3,2016,69,0,3.25,3.25
3/10/2016,Cana-Soca 3,2016,70,0,44.125,44.125
3/11/2016,Cana-Soca 3,2016,71,0,12.25,12.25
3/12/2016,Cana-Soca 3,2016,72,0,0,0
3/13/2016,Cana-Soca 3,2016,73,0,0,0
3/14/2016,Cana-Soca 3,2016,74,0,0,0
3/15/2016,Cana-Soca 3,2016,75,0,41.25,41.25
3/16/2016,Cana-Soca 3,2016,76,0,2,2
3/17/2016,Cana-Soca 3,2016,77,0,0,0
3/18/2016,Cana-Soca 3,2016,78,0,0,0
3/19/2016,Cana-Soca 3,2016,79,0,0,0
3/20/2016,Cana-Soca 3,2016,80,0,0,0
3/21/2016,Cana-Soca 3,2016,81,0,0,0
3/22/2016,Cana-Soca 3,2016,82,0,12.75,12.75
3/23/2016,Cana-Soca 3,2016,83,0,9.5,9.5
3/24/2016,Cana-Soca 3,2016,84,0,0,0
3/25/2016,Cana-Soca 3,2016,85,0,9.25,9.25
3/26/2016,Cana-Soca 3,2016,86,0,0,0
3/27/2016,Cana-Soca 3,2016,87,0,0.75,0.75
3/28/2016,Cana-Soca 3,2016,88,0,0,0
3/29/2016,Cana-Soca 3,2016,89,0,0,0
3/30/2016,Cana-Soca 3,2016,90,0,0,0
3/31/2016,Cana-Soca 3,2016,91,0,0,0
4/1/2016,Cana-Soca 3,2016,92,0,0,0
4/2/2016,Cana-Soca 3,2016,93,0,0,0
4/3/2016,Cana-Soca 3,2016,94,0,0,0
4/4/2016,Cana-Soca 3,2016,95,0,0,0
4/5/2016,Cana-Soca 3,2016,96,0,0,0
4/6/2016,Cana-Soca 3,2016,97,0,0,0
4/7/2016,Cana-Soca 3,2016,98,0,0,0
4/8/2016,Cana-Soca 3,2016,99,0,0,0
4/9/2016,Cana-Soca 3,2016,100,0,0,0
4/10/2016,Cana-Soca 3,2016,101,0,0,0
4/11/2016,Cana-Soca 3,2016,102,0,0.25,0.25
4/12/2016,Cana-Soca 3,2016,103,0,0.25,0.25
4/13/2016,Cana-Soca 3,2016,104,0,0,0
4/14/2016,Cana-Soca 3,2016,105,0,0,0
4/15/2016,Cana-Soca 3,2016,106,0,0,0
4/16/2016,Cana-Soca 3,2016,107,0,0,0
4/17/2016,Cana-Soca 3,2016,108,0,0,0
4/18/2016,Cana-Soca 3,2016,109,0,0,0
4/19/2016,Cana-Soca 3,2016,110,0,0,0
4/20/2016,Cana-Soca 3,2016,111,0,0,0
4/21/2016,Cana-Soca 3,2016,112,0,0,0
4/22/2016,Cana-Soca 3,2016,113,0,0,0
4/23/2016,Cana-Soca 3,2016,114,0,0,0
4/24/2016,Cana-Soca 3,2016,115,0,0,0
4/25/2016,Cana-Soca 3,2016,116,0,0,0
4/26/2016,Cana-Soca 3,2016,117,0,4,4
4/27/2016,Cana-Soca 3,2016,118,0,2.5,2.5
4/28/2016,Cana-Soca 3,2016,119,0,0,0
4/29/2016,Cana-Soca 3,2016,120,0,0,0
4/30/2016,Cana-Soca 3,2016,121,0,0,0
5/1/2016,Cana-Soca 3,2016,122,0,0,0
5/2/2016,Cana-Soca 3,2016,123,0,0,0
5/3/2016,Cana-Soca 3,2016,124,0,0,0
5/4/2016,Cana-Soca 3,2016,125,0,0,0
5/5/2016,Cana-Soca 3,2016,126,0,0,0
5/6/2016,Cana-Soca 3,2016,127,0,0,0
5/7/2016,Cana-Soca 3,2016,128,0,0,0
5/8/2016,Cana-Soca 3,2016,129,0,0,0
5/9/2016,Cana-Soca 3,2016,130,0,0,0
5/10/2016,Cana-Soca 3,2016,131,0,3.125,3.125
5/11/2016,Cana-Soca 3,2016,132,0,0,0
5/12/2016,Cana-Soca 3,2016,133,0,0,0
5/13/2016,Cana-Soca 3,2016,134,0,0,0
5/14/2016,Cana-Soca 3,2016,135,0,0,0
5/15/2016,Cana-Soca 3,2016,136,0,0,0
5/16/2016,Cana-Soca 3,2016,137,0,13.625,13.625
5/17/2016,Cana-Soca 3,2016,138,0,0,0
5/18/2016,Cana-Soca 3,2016,139,0,2.75,2.75
5/19/2016,Cana-Soca 3,2016,140,0,25.25,25.25
5/20/2016,Cana-Soca 3,2016,141,0,0,0
5/21/2016,Cana-Soca 3,2016,142,0,23.5,23.5
5/22/2016,Cana-Soca 3,2016,143,0,4,4
5/23/2016,Cana-Soca 3,2016,144,0,0,0
5/24/2016,Cana-Soca 3,2016,145,0,0,0
5/25/2016,Cana-Soca 3,2016,146,0,0,0
5/26/2016,Cana-Soca 3,2016,147,0,0,0
5/27/2016,Cana-Soca 3,2016,148,0,0,0
5/28/2016,Cana-Soca 3,2016,149,0,0,0
5/29/2016,Cana-Soca 3,2016,150,0,1.25,1.25
5/30/2016,Cana-Soca 3,2016,151,0,39.125,39.125
5/31/2016,Cana-Soca 3,2016,152,0,5,5
6/1/2016,Cana-Soca 3,2016,153,0,28.75,28.75
6/2/2016,Cana-Soca 3,2016,154,0,38.625,38.625
6/3/2016,Cana-Soca 3,2016,155,0,28.125,28.125
6/4/2016,Cana-Soca 3,2016,156,0,7.5,7.5
6/5/2016,Cana-Soca 3,2016,157,0,37,37
6/6/2016,Cana-Soca 3,2016,158,0,52.75,52.75
6/7/2016,Cana-Soca 3,2016,159,0,8.875,8.875
6/8/2016,Cana-Soca 3,2016,160,0,0.25,0.25
6/9/2016,Cana-Soca 3,2016,161,0,0.25,0.25
6/10/2016,Cana-Soca 3,2016,162,0,0,0
6/11/2016,Cana-Soca 3,2016,163,0,0,0
6/12/2016,Cana-Soca 3,2016,164,0,0.125,0.125
6/13/2016,Cana-Soca 3,2016,165,0,0,0
6/14/2016,Cana-Soca 3,2016,166,0,0,0
6/15/2016,Cana-Soca 3,2016,167,0,0,0
6/16/2016,Cana-Soca 3,2016,168,0,0,0
6/17/2016,Cana-Soca 3,2016,169,0,0,0
6/18/2016,Cana-Soca 3,2016,170,0,0,0
6/19/2016,Cana-Soca 3,2016,171,0,0,0
6/20/2016,Cana-Soca 3,2016,172,0,0,0
6/21/2016,Cana-Soca 3,2016,173,0,0,0
6/22/2016,Cana-Soca 3,2016,174,0,0,0
6/23/2016,Cana-Soca 3,2016,175,0,0,0
6/24/2016,Cana-Soca 3,2016,176,0,0,0
6/25/2016,Cana-Soca 3,2016,177,0,0,0
6/26/2016,Cana-Soca 3,2016,178,0,0,0
6/27/2016,Cana-Soca 3,2016,179,0,0,0
6/28/2016,Cana-Soca 3,2016,180,0,0,0
6/29/2016,Cana-Soca 3,2016,181,0,0,0
6/30/2016,Cana-Soca 3,2016,182,0,0,0
7/1/2016,Cana-Soca 3,2016,183,0,0,0
7/2/2016,Cana-Soca 4,2016,184,0,0,0
7/3/2016,Cana-Soca 4,2016,185,0,0,0
7/4/2016,Cana-Soca 4,2016,186,0,0,0
7/5/2016,Cana-Soca 4,2016,187,0,0,0
7/6/2016,Cana-Soca 4,2016,188,0,0,0
7/7/2016,Cana-Soca 4,2016,189,0,0,0
7/8/2016,Cana-Soca 4,2016,190,0,0,0
7/9/2016,Cana-Soca 4,2016,191,0,0,0
7/10/2016,Cana-Soca 4,2016,192,0,0,0
7/11/2016,Cana-Soca 4,2016,193,0,0,0
7/12/2016,Cana-Soca 4,2016,194,0,0,0
7/13/2016,Cana-Soca 4,2016,195,0,0,0
7/14/2016,Cana-Soca 4,2016,196,0,0,0
7/15/2016,Cana-Soca 4,2016,197,0,0,0
7/16/2016,Cana-Soca 4,2016,198,0,3,3
7/17/2016,Cana-Soca 4,2016,199,0,0,0
7/18/2016,Cana-Soca 4,2016,200,0,0,0
7/19/2016,Cana-Soca 4,2016,201,0,0,0
7/20/2016,Cana-Soca 4,2016,202,0,0,0
7/21/2016,Cana-Soca 4,2016,203,0,0,0
7/22/2016,Cana-Soca 4,2016,204,0,0,0
7/23/2016,Cana-Soca 4,2016,205,0,0,0
7/24/2016,Cana-Soca 4,2016,206,0,0,0
7/25/2016,Cana-Soca 4,2016,207,0,0,0
7/26/2016,Cana-Soca 4,2016,208,0,0,0
7/27/2016,Cana-Soca 4,2016,209,0,0,0
7/28/2016,Cana-Soca 4,2016,210,0,0,0
7/29/2016,Cana-Soca 4,2016,211,0,0,0
7/30/2016,Cana-Soca 4,2016,212,0,0,0
7/31/2016,Cana-Soca 4,2016,213,0,0,0
8/1/2016,Cana-Soca 4,2016,214,0,0,0
8/2/2016,Cana-Soca 4,2016,215,0,0,0
8/3/2016,Cana-Soca 4,2016,216,0,0,0
8/4/2016,Cana-Soca 4,2016,217,0,0,0
8/5/2016,Cana-Soca 4,2016,218,0,0,0
8/6/2016,Cana-Soca 4,2016,219,0,0,0
8/7/2016,Cana-Soca 4,2016,220,0,0,0
8/8/2016,Cana-Soca 4,2016,221,0,0,0
8/9/2016,Cana-Soca 4,2016,222,0,0,0
8/10/2016,Cana-Soca 4,2016,223,0,0,0
8/11/2016,Cana-Soca 4,2016,224,0,0,0
8/12/2016,Cana-Soca 4,2016,225,0,0,0
8/13/2016,Cana-Soca 4,2016,226,0,0,0
8/14/2016,Cana-Soca 4,2016,227,0,0,0
8/15/2016,Cana-Soca 4,2016,228,0,2.5375,2.5375
8/16/2016,Cana-Soca 4,2016,229,0,2.54,2.54
8/17/2016,Cana-Soca 4,2016,230,0,0,0
8/18/2016,Cana-Soca 4,2016,231,0,0,0
8/19/2016,Cana-Soca 4,2016,232,0,0,0
8/20/2016,Cana-Soca 4,2016,233,0,11.1125,11.1125
8/21/2016,Cana-Soca 4,2016,234,0,18.7375,18.7375
8/22/2016,Cana-Soca 4,2016,235,0,0,0
8/23/2016,Cana-Soca 4,2016,236,0,0,0
8/24/2016,Cana-Soca 4,2016,237,0,0,0
8/25/2016,Cana-Soca 4,2016,238,0,0,0
8/26/2016,Cana-Soca 4,2016,239,0,0,0
8/27/2016,Cana-Soca 4,2016,240,0,0,0
8/28/2016,Cana-Soca 4,2016,241,0,0,0
8/29/2016,Cana-Soca 4,2016,242,0,0,0
8/30/2016,Cana-Soca 4,2016,243,0,0,0
8/31/2016,Cana-Soca 4,2016,244,0,23.175,23.175
9/1/2016,Cana-Soca 4,2016,245,0,0,0
9/2/2016,Cana-Soca 4,2016,246,0,0,0
9/3/2016,Cana-Soca 4,2016,247,0,0,0
9/4/2016,Cana-Soca 4,2016,248,0,0,0
9/5/2016,Cana-Soca 4,2016,249,0,0,0
9/6/2016,Cana-Soca 4,2016,250,0,20.95,20.95
9/7/2016,Cana-Soca 4,2016,251,0,1.5875,1.5875
9/8/2016,Cana-Soca 4,2016,252,0,0,0
9/9/2016,Cana-Soca 4,2016,253,0,0,0
9/10/2016,Cana-Soca 4,2016,254,0,0,0
9/11/2016,Cana-Soca 4,2016,255,0,0,0
9/12/2016,Cana-Soca 4,2016,256,0,0,0
9/13/2016,Cana-Soca 4,2016,257,0,0,0
9/14/2016,Cana-Soca 4,2016,258,0,0,0
9/15/2016,Cana-Soca 4,2016,259,0,0,0
9/16/2016,Cana-Soca 4,2016,260,0,0,0
9/17/2016,Cana-Soca 4,2016,261,0,0,0
9/18/2016,Cana-Soca 4,2016,262,0,2.2225,2.2225
9/19/2016,Cana-Soca 4,2016,263,0,0,0
9/20/2016,Cana-Soca 4,2016,264,0,0,0
9/21/2016,Cana-Soca 4,2016,265,0,0,0
9/22/2016,Cana-Soca 4,2016,266,0,0,0
9/23/2016,Cana-Soca 4,2016,267,0,0,0
9/24/2016,Cana-Soca 4,2016,268,0,0,0
9/25/2016,Cana-Soca 4,2016,269,0,0,0
9/26/2016,Cana-Soca 4,2016,270,0,0,0
9/27/2016,Cana-Soca 4,2016,271,0,0,0
9/28/2016,Cana-Soca 4,2016,272,0,0,0
9/29/2016,Cana-Soca 4,2016,273,0,0,0
9/30/2016,Cana-Soca 4,2016,274,0,0,0
10/1/2016,Cana-Soca 4,2016,275,0,0,0
10/2/2016,Cana-Soca 4,2016,276,0,0,0
10/3/2016,Cana-Soca 4,2016,277,0,26.625,26.625
10/4/2016,Cana-Soca 4,2016,278,0,0,0
10/5/2016,Cana-Soca 4,2016,279,0,0,0
10/6/2016,Cana-Soca 4,2016,280,0,0,0
10/7/2016,Cana-Soca 4,2016,281,0,0,0
10/8/2016,Cana-Soca 4,2016,282,0,0,0
10/9/2016,Cana-Soca 4,2016,283,0,0,0
10/10/2016,Cana-Soca 4,2016,284,0,0,0
10/11/2016,Cana-Soca 4,2016,285,0,0,0
10/12/2016,Cana-Soca 4,2016,286,0,1.5875,1.5875
10/13/2016,Cana-Soca 4,2016,287,0,20.325,20.325
10/14/2016,Cana-Soca 4,2016,288,0,4.445,4.445
10/15/2016,Cana-Soca 4,2016,289,0,0.9525,0.9525
10/16/2016,Cana-Soca 4,2016,290,0,0,0
10/17/2016,Cana-Soca 4,2016,291,0,6.985,6.985
10/18/2016,Cana-Soca 4,2016,292,0,1.5875,1.5875
10/19/2016,Cana-Soca 4,2016,293,0,0,0
10/20/2016,Cana-Soca 4,2016,294,0,8.255,8.255
10/21/2016,Cana-Soca 4,2016,295,0,6.985,6.985
10/22/2016,Cana-Soca 4,2016,296,0,0,0
10/23/2016,Cana-Soca 4,2016,297,0,0,0
10/24/2016,Cana-Soca 4,2016,298,0,16.1875,16.1875
10/25/2016,Cana-Soca 4,2016,299,0,0,0
10/26/2016,Cana-Soca 4,2016,300,0,0,0
